data,label,hard_neg
一架飞机要起飞了,一架飞机正在起飞,一架飞机空中飞行
一个人在拉大提琴,一个坐着的人正在拉大提琴,一个人拉小提琴
有些人在战斗,两个人在打架,人管理机构人信心
一个人正把一只猫扔到天花板上,一个人把一只猫扔在天花板上,一名妇女一只猫抛向空中猫天花板上一根棍子上吊
那人用棍子打了另一个人,那人用棍子打了另一个人一巴掌,那人用机器土豆切碎
一个人在叠一张纸,有人在叠一张纸,有人一张粉红色纸上划出一个圆圈
北极熊在雪地上滑行,一只北极熊在雪地上滑行,孩子雪中滑行
那人在骑马,一个人骑着马,那人弹钢琴
一只熊猫正从滑梯上滑下来,熊猫从滑梯上滑下来,熊猫宝宝木头上放松
女人剥土豆,一个女人在剥土豆,一个女人剥土豆
那男孩从自行车上摔了下来,一个男孩从自行车上摔了下来,秋千上荡秋千男孩
那个女人在吹长笛,一个女人在吹长笛,一个女人吹长笛
一只兔子在躲避一只老鹰,一只野兔正从一只老鹰身上跑出来,一只熊躲避两只狗
那个女人正在煎一块裹着面包皮的猪排,一位妇女正在做一块裹着面包屑的猪排,一个女人煎东西
一个女孩在放风筝,一个正在奔跑的女孩正在放风筝,一个女孩骑马
一个人骑着一头机械公牛,一个人骑着一头机械公牛,骑机械公牛人
那人在弹吉他,一个男人在弹吉他,那人弹吉他
一个男人正在往锅里倒油,一个男人正在往锅里倒油,一个男人往锅里加油
狗骑滑板,一只狗在滑板,滑板运动员溜冰公园里骑管壁上
女人剥虾,一个女人在剥虾,一个人剥虾
一个女人在煎鱼,一个女人在煮鱼,一个女人排球递给一个发球女人
一个人切洋葱,一个人在切洋葱,一个人在切洋葱
一个小男孩在玩键盘,一个男孩在玩键盘,一个男人玩键盘
狗舔婴儿,狗在舔婴儿,狗舔婴儿口水
一个人在打鼓,一个人在打鼓,人打鼓
一个女人骑着马,一个女人在骑马,一个人骑着马
一个男人在树边吃香蕉,一个男人正在吃香蕉,一个男人城市天际线前树边走过
一个人用斧头砍倒了一棵树,一个人用斧头砍树,一只猴子一棵树荡到一棵树
一只松鼠在转圈,一只松鼠绕着圈跑,一个人转圈
一男一女在接吻,一男一女接吻,一男一女接吻
一个人在切蘑菇,一个人正在用刀切蘑菇,一个男人用刀快速切蘑菇
一只潘克达正在吃竹子,熊猫正在吃竹子,一只狗正试图吃背上培根
一只猴子推另一只猴子,猴子推了另一只猴子,一只猴子床上走
一只松鼠绕着圈跑,一只松鼠在转圈,一只老鼠跑
一个男人正在系鞋带,一个男人系鞋带,一个男人背着一个男人
一只狗正在吃西瓜,一只狗正在吃一块西瓜,一只狗正试图吃背上培根
一位女士正在切西兰花,一位女士正在用刀切西兰花,一个女人切西兰花
一只小狗在追一个瑜伽球,一只狗在追一个球,一只小狗跳过障碍物
一个男人骑着摩托车走了,一个男人骑着摩托车,一男一女骑着摩托车
那人切了一个纸盘,一个男人在切纸盘,一个年轻人一个阳台跳到一个阳台
一个男人在键盘上玩,一个男人在弹键盘钢琴,一个男人玩键盘
这位女士切碎了青葱,这位女士切了一个洋葱,这位女士剥去虾皮
一个人在弹钢琴,一个人在弹钢琴,一个人弹钢琴
一个女人在吹长笛,一个女人吹长笛,一个女人吹长笛
一个女人在切洋葱,一个女人在切洋葱,一个女人切洋葱
一个人在弹吉他,一个人弹吉他,一个人弹吉他
一位妇女正在使用一台缝纫机,一个女人正在缝纫机上缝纫,一位妇女奶瓶婴儿
人们下了火车,人们在车站下了火车,火车进站
一只狗在蹦床上跳,狗在蹦床上跳,孩子蹦床上跳
一个男人在爬绳子,一个男人爬上一根绳子,一个男人爬绳子
一对男女开着吉普车沿着街道行驶,一男一女开着一辆敞篷车在路上行驶,一对男女雨中跳舞
两个女人在摔跤,两个女人在地板上摔跤,两个女人购物
小狗玩一个蓝色的网球,一只小狗在玩网球,两只小狗田野里玩一个红色咀嚼玩具
袋鼠在吃东西,袋鼠在吃东西,浣熊吃东西
那人用刀割破了一些地毯,一个男人正在用刀割地毯,那人用机器土豆切碎
一个男人切土豆,一个男人切土豆,一个男人切土豆
一个女人正在切大蒜,那个女人正在切蒜片,一个女人切大蒜
一个人在弹吉他,一个坐在房间里的人正在弹吉他,一个人弹吉他
一个人吹长笛,一个人在吹长笛,一个人吹长笛
两个人正在把手提箱装进一辆汽车的后备箱里,这些人正在把手提箱放进汽车后备箱,一辆摩托车停一辆汽车旁边
鱼在游泳,一条鱼在游泳,男人鱼吃内脏
两个女人在食品加工机里混合了一些东西,两个女人在搅拌机里做东西,女人美容品混合玻璃杯里
那人把黄油涂在面包上,一个男人正在把黄油涂在面包上,那人切面包
一个人在煮面条,一个女人在水里煮面条,一个女人做面条
一个婴儿在笑,一个婴儿在笑和咯咯地笑,一个婴儿笑咯咯地笑
那人在吃披萨,一个男人正在吃一片比萨饼,那人弹钢琴
一个绿色的大球打翻了一个土豆,一个绿色的大球打在土豆上,一个男人切土豆
两只狗在游泳池里游泳,狗在游泳池里游泳,一只黑白相间狗游泳池里游泳
女人切豆腐,一个女人在切豆腐,一个女人切豆腐
公鸡啄死老鼠,一只小鸡在啄一只死老鼠,一只小鸡啄一只死老鼠
一个男人正在把土豆切成碎片,一个男人在切土豆,一个男人西红柿切成碎片
一个人在玩键盘,有人在玩键盘,一个男人玩键盘
一辆汽车在路上行驶,一辆汽车正沿着这条路行驶,一辆汽车正这条路行驶
一个男人开着他的车,一个男人在开车,一个人路上开着摩托车
这个男孩正在弹钢琴,一个男孩弹钢琴,一个男孩弹钢琴
一个男人在披萨上放了些奶酪,那人把奶酪撒在比萨饼上,一个男人披萨盒里拿出一块意大利香肠比萨饼关上披萨盒后放在盖子上
人们走下火车,一群人下了火车,一男一女走
一个男人在给一块面包涂黄油,一个男人在面包上涂黄油,一个男人大片面包上涂黄油
一匹黑马跑来跑去,马在跑,一只狗院子里跑来跑去
两只斑马在玩耍,斑马在社交,两只熊猫宝宝玩耍
獾在挖洞,一只獾在挖土,一只雪中挖洞黑狗
女人切大蒜瓣,一个女人正在把一头大蒜打碎成丁香,一个女人切大胡椒粉
一只狗仰卧在木地板上,一只狗躺在地板上,两只小猎犬家木地板上玩耍
一个男人把调味品放在一碗水里,那人往碗里的水里加了调味料,一个女人一块块肉放在平底锅里
狗沿着游泳池边走,一只狗正沿着游泳池散步,一只狗跳进游泳池
黄油被放进碗里,一个人把黄油切进搅拌碗里,有人米饭放进平底锅里
那人正在把磁带从盒子里切下来,一个男人正在切开一个盒子,一只猫盒子里玩耍
那个女人正在遛狗,一个女人在街上遛狗,一个女人女人跳舞
一群人唱歌,有些人在唱歌,一个人唱歌
猫在喝牛奶,一只猫正在用一碟牛奶舔东西,猫玩耍
纸正在用剪刀剪,一张纸被剪下来了,一个男孩剪刀割草
犀牛在草地上吃草,犀牛在田野里吃草,一头牛吃草
这位女士切了一片西红柿,有人在切西红柿,有人切西红柿
一位骑手正在奔跑和跳跃她的马,一个女人骑着马跳跨栏,年轻骑手骑着那匹棕色马
一个男人在抽烟,那人穿着西装坐着抽烟,一个男人抽烟
一个男人在骑自行车,一个男人在骑自行车,一个男人骑自行车
一个女人在切洋葱,一个女人在切洋葱,一个女人切洋葱
那个人在画,一个男人在画,一个男人画一幅画
一个女人在切洋葱,一个女人正在切洋葱,一个女人切洋葱
一列玩具火车撞上了一辆玩具汽车,一列玩具火车撞上了一辆玩具汽车,狗玩具吠叫
一只猫打开抽屉，爬了进去,一只猫正打开抽屉往里爬,一只大猫爪子打开一个塑料抽屉跳进去
一个女人在煎食物,一个女人在油炸食物,一个女人煎虾
一个女人在刷虾,一个女人在刷一些虾,一个女人煎虾
一个男人在天花板上跳舞,一个男人在房间的天花板上跳舞,一个男人跳舞
一个女人用一把大刀把洋葱切成薄片,一个女人正在用一把大刀切洋葱,一个女人洋葱切成半片
一个人弹吉他,一个人在弹吉他,一个人弹吉他
一个女人在剥土豆,女人剥土豆,一个女人剥土豆
一只乌龟在走,一只乌龟在走路,一只猴子床上走
那人在弹吉他,一个人在弹吉他,那人弹吉他
一个女人在桌子上轻敲她的手指,一个女人在敲打她的手指,一尊佛像坐在一张桌子上桌子上一个木制跑步机
有人在锅里煮秋葵,有人在平底锅里煮秋葵,有人动物
那个人在打鼓,一个人在打鼓,一个人打鼓
一名男子潜入游泳池,一个男人正跳进游泳池里,一名男子水管另一名男子喷水
有个女人在堵住漏洞,一个女人在切韭菜,做有个穆斯林办公室
一个小男孩在弹吉他,一个男孩在弹吉他,小男孩唱歌弹吉他
一个人弹钢琴,一个人弹钢琴,一个人弹钢琴
一个人在切黄瓜,一个人在割黄瓜,一个人在切黄瓜
两个小女孩在电话里聊天,两个女孩在电话里聊天,一男一女餐厅里聊天
一个男人在用斧头砍木头,一个男人正在用斧头砍树干,熊猫宝宝木头上放松
一只小猫在玩球,一只小猫在玩球,一只棕色狗水中玩球
两个人在牧场上打架,两个人在牛圈里打架,两个人打架
一个女孩整理她的床,一个年轻女孩铺床,一个女人整理头发
猫在玩西瓜,一只猫在玩西瓜,一只猫玩键盘
一个女孩跳上了一辆车,一个女孩跳上了一辆车,一个男人车库里上一辆车
两个机器人接吻,两个机器人在接吻,两个机器人共用一个吻
两个男孩在沙发上玩电子游戏,两个男孩正在玩电子游戏,两个男孩海滩上玩
一个女人在挤柠檬,一个女人正在榨柠檬汁,一个女人切柠檬
一个人走下楼梯,一个男人走下楼梯,三个人走回家妻子人
袋鼠在吃东西,吃袋鼠,浣熊吃东西
一个男人在开车,一个男人开着一辆车,一个男人开车
女人在剥洋葱,女人烤洋葱,一个人剥洋葱
一个女人正在把鸡蛋打进碗里,一个女人在劈鸡蛋,一个女人鸡蛋打进碗里
一个人在玩键盘,一个男孩在玩键盘,一个男人玩键盘
一个男人用刀割破了一串水瓶,一个男人正在用刀切一排水瓶,一个男人背着一个男人
一个女人把花椰菜切成块,一个女人在切西兰花,一个人洋葱切成小块
婴儿又笑又爬,一个婴儿笑着爬在地板上,婴儿爬门口
一个女人在开枪,一个女人射出一把猎枪,一个女人开枪
这个男人正在剥苹果,一个人剥苹果,一个女人剥苹果
那个女人在切洋葱丁,一个女人在切洋葱,一个女人切洋葱
一只猴子在给一只公牛刷牙,猴子刷狗,一只猴子床上走
一个男人正在吃一碗麦片粥,这个男人正在吃麦片,一个男人吃东西
一个女人正在浴缸里洗澡,一个女人正在洗澡,一个女人洗澡
一个骑摩托车的人撞上了他的摩托车,一个人撞上了一辆摩托车,一个男人骑摩托车
一个男人凝视着窗外,一个男人望着窗外,两只猫坐在沙发上窗外
这位女士把婴儿放进垃圾桶里,一个女人把一个婴儿扔进了垃圾桶,这位女士剥去虾皮
一个男人在房间的天花板上跳舞,一个男人在天花板上倒立跳舞,一个男人跳舞
鹿跳过篱笆,一只鹿跳过旋风栅栏,两匹白马盯篱笆
一个人用鼻子玩键盘,这个男人正在用鼻子弹钢琴,一个男人玩键盘
一个人在举重,一个男人在举起杠铃,一个男人举重
那男孩吹小号,一个男孩在吹小号,一个人吹小号
一个乐队正在舞台上表演,一个乐队在舞台上演奏和唱歌,一个男人舞台上表演
一个人在用剑割绳子,那人用剑穿过一根粗绳子,一个人割树叶
美国国旗在飘扬,一面美国国旗在风中飘扬,金发女人戴着一顶黑色美国国旗格子花帽子
那个女人把茄子滴进锅里,一个女人把切碎的茄子放进煎锅里,一个人剥茄子
一个男人正在准备一根挂着的绳子,一个男人在系绞索,一个男人爬上一根绳子
一个拿着刀的女人正在切胡椒粉,一个女人在切青椒,一个女人切胡椒粉
人们把假人扔到悬崖边,有些人把假人扔下悬崖,财政悬崖众议院推迟财政悬崖协议投票现场直播
女人切菠萝,一个女人正在把菠萝切成片,女人切豆腐
一个人正在往锅里加油,厨师往锅里倒油,一个男人往锅里倒油
一个人在割草,一个人在割草坪,一个人割草
那人在木头上钻了几个洞,一个人钻木头,那人电线上保持平衡
一只兔子在嗅着一只填充的兔子，用爪子抓它,一只活生生的兔子正在玩一只填充动物兔子,一只狗地毯上用爪子抓一只苍蝇
一个男人正在取出青椒的内部,有人正在把胡椒粉上的种子去掉,面对救助税塞浦路斯人试图银行取出现金
一只小猫正在吃盘子里的食物,小猫吃东西,只鸟吃树上碗里食物
这个人正在把鱼身上的鳞片去掉,一个人在给鱼除鳞,乌龟鱼
那人举起杠铃,男人举重,一个男人举起一辆汽车
一名妇女迅速发射手枪,一个女人在开枪,一名妇女正试图乘着一个小浪
这名男子正在用雪橇打破另一名男子身上的混凝土砌块,一个人用一把大锤打破躺在一个俯卧着的人身上的一块混凝土板,另一名来自得克萨斯州沃思堡男子失踪
这位女士把干面条放在热水里煮,一个女人把一盒面条放在一锅水里,一个女人水里煮面条
两个孩子在游泳池里玩着一个绿色的鳄鱼花车,两个孩子在游泳池里推着一条充气鳄鱼,一个女人三个孩子公园里玩
两辆绿色和白色的火车坐在铁轨上,两列绿色和白色的火车在铁轨上,坐在田地铁轨上火车
在街上行驶的公共汽车,红色双层巴士沿着街道行驶,红色公共汽车街上
在车站等候的旅客列车,车站里坐着一列旅客列车,车站旅客列车
这个男人正骑着摩托车沿着这条路走去,一个男人在路上骑着一辆红色的摩托车,一辆汽车正这条路行驶
关闭一瓶水,一瓶水的近景,一位女士打开一瓶苏打水喝
站在田野里的一匹深褐色的马,一匹棕色的马站在郁郁葱葱的田野里,站田野里一匹深褐色马
一群人围着一张桌子坐着，桌子上放着食物,一群人围坐在一张桌子旁，端着食物和啤酒,一群人围坐在一张摆满食物桌子旁
干草中的一头黑白相间的母牛,一头黑白相间的母牛在一只装有干草的围栏里,站草地上一头黑白相间母牛
一位老妇人站在厨房里，脚边站着两只猫,老太太站在厨房里，脚边放着两只猫,一位老妇人煎锅里倒油
坐在草地上的伪装飞机,一架伪装的飞机坐在绿草如茵的草地上,一个男人坐在草地上望天空
红色双层巴士驶过街道,双层客车随车行驶,红色双层巴士
一艘游轮停靠在海岸线上,停泊在岸边的游轮,一艘港口大游轮有树
在草地上放牧的一群马,在田野里吃草的一群马,人站马人行道上
那只黑鸟正坐在地上,一只黑鸟坐在地上,黑鸟坐在水泥板上
在雪地里，一个女人在一座公寓楼前摆姿势,一位妇女站在雪地里的一座建筑物前,小丑镜头前摆姿势
放在地板上的一台黑色平板电视,地板上有一台平板电视,一台苹果电脑放在地板上
黑色火车在铁轨上,火车轨道上的火车,铁轨上大部分黑色火车
黑色火车在铁轨上,火车轨道上的火车,铁轨上大部分黑色火车
一对夫妇在沙发上摆姿势拍照,年轻夫妇坐在沙发上,一对夫妇走街上
一群人坐在一张饭桌旁,一群人围着一张桌子坐着，桌子上放着食物,一群人坐在一张饭桌旁
在一张小桌子下打盹的狗,睡在桌子底下的狗,一个小孩子滑下一张橙色滑梯
红色双层巴士在路边,城市街道上的一辆红色双层公共汽车,红色双层巴士载客
灰色的猫看着窗外,一只猫从窗户往外看,一只灰色黑色白色猫看着相机
一张黑白相间的母牛在树下的照片,一张黑白照片，一头牛在田野里的一棵树下行走,黑白相间母牛大门前停
在车站等候的美国铁路客运列车,在车站等候的旅客列车,雪地里客运列车
在水上航行的帆船,泛舟在蓝色的水面上,水上航行帆船
停在白色双层巴士上,一辆红白两色的双层公共汽车停在那里,红色双层巴士载客
两只鸟栖息在一条金属带上,两只小鸟栖息在一根金属棒上,一只红色鸟栖息一棵树上
一位戴着手镯的年轻女子穿着比基尼上衣和牛仔裤,穿着比基尼上衣和牛仔裤的女人,一位穿着黑色上衣一条项链年轻女子
一匹棕色的马在绿草的田野里吃草,棕色的马站在草地中间,田野里吃草一群马
火车在铁轨上行驶,火车在轨道上滑行,火车雪地里铁轨上行驶
黄色条纹猫躺在蓝色沙发上,一只橙色的猫睡在沙发上,一只橙色猫睡沙发上
红色双层巴士,一辆红色双层巴士,红色双层巴士载客
挂着舌头的羊的特写镜头,把一只羊的舌头伸出来的形象合起来,马头特写镜头
站在田野里的一头黑白相间有角的母牛,站在田野里的一头黑白相间的母牛,站田野里一头黑白相间有角母牛
在竞技场上骑着一匹白马的人,一个骑着白马的人,竞技场上骑一匹白马人
一个穿骑服的女孩坐在一匹棕色的马上,一个穿红衬衫的女孩骑着一匹棕色的马,一个穿着骑马装备金发女孩坐在一匹灰白相间马上
书架前一把透明的塑料椅子,书架前有一把透明的塑料椅子,一个男孩一把塑料剑一个人屁股
一只羊站在山坡上,站在山上的一只大羊,羊站青山上
地板上有一台平板电视,地板上坐着一台平板电视,一台苹果电脑放在地板上
有几台电脑显示器的房间,一间连续有四台电脑显示器的房间,墙上几台电脑图片房间
站在草地上的一头黑白相间的母牛,站在田野里的一头黑白相间有角的母牛,站草地上一头黑白相间母牛
一张猫躺在地上的黑白照片,猫躺在地毯上的黑白图像,一张摩托车躺地上黑白照片
一位戴着手镯的年轻女子穿着比基尼上衣和牛仔裤,一个穿牛仔裤，深色比基尼上衣和手镯的女人,一位穿着黑色上衣一条项链年轻女子
有人站在白雪皑皑的山上，看着一架飞机,一个男人站在山上，看着一架飞机,一架飞机空中飞行
一名妇女在围栏内抚摸一只狗,一个女人在一个封闭的院子里抚摸着一只狗,一个男人抚摸一只拴着狗
火车停在火车站,蓝色的火车在车站,火车火车站
红色双层巴士载客,一辆红色双层公共汽车在城市里搭载了更多的乘客,红色双层巴士载客
一张可口可乐玻璃瓶的黑白照片,这是一张黑色和白色的照片，上面是一个矮胖的可口可乐瓶子,一张特写扭曲空玻璃瓶照片
四架蓝黄相间的飞机飞越四艘船,四架蓝色和黄色的飞机在飞行,一架红蓝相间飞机起落架放下
火车在火车站,停在火车站的火车,火车停火车站
一群羊在山上吃草,一群羊在山上,田野里吃草一群马
一位妇女坐在沙发上抱着一个小婴儿,坐在沙发上抱着孩子的女人,一位妇女抱一个婴儿摆姿势
两个女人在镜头前摆姿势，竖起大拇指,两个微笑的年轻女子竖起大拇指,一位金发白衣女士镜头前摆姿势
一辆双层红色联合巴士停在城市街道上,一辆双层红色公共汽车在路上行驶,红色双层巴士街道行驶
两头奶牛在池塘里饮水,两头牛正在池塘里饮水,一张奶牛牛栏里黑白照片
两个年轻人坐在一张桌子旁，旁边是一扇滑动的玻璃门，其中一个人指着另一个,两个人面对面地坐在一张桌子旁，一个人对着另一个人,两个人坐在餐厅一张桌子旁
那只黑狗躺在草地上,一只黑狗躺在草地上,草地上一只小黑狗
一只蓝色的鸟栖息在戴手套的人的手上,鸟栖息在一个人戴着手套的手上,一只红色鸟栖息一棵树上
一列长长的火车在铁轨上,火车轨道上的火车,一列黑色火车铁轨行驶
一架银色的Areo墨西哥喷气式客机停在停机坪上,一架墨西哥航空公司的银色飞机在跑道上,一架直升机正降落直升机停机坪上
这个男人坐在一张乱七八糟的桌子旁，用着笔记本电脑,一个男人坐在一张凌乱的桌子上看着一台笔记本电脑,四个人坐在一张桌子旁
一辆黄色的校车停在一个农村地区,一辆黄色的校车停在田野里,那辆黄色摩托车停街上
在拍卖会上，一只羊站在一张桌子上,毛茸茸的羊在拍卖行,羊站青山上
一只橘色和白色的猫睡在皮椅上,一只橙色和白色的猫躺在黑色皮椅上的毯子上,一只灰色白色猫睡紫色布料上
一列黑色的火车沿着铁轨行驶,在铁轨上行驶的火车,铁轨上行驶黑色蒸汽火车
一辆蓝色摩托车停在人行道上,一辆蓝色的轻便摩托车停在人行道上,一辆红色轻便摩托车停涂鸦前人行道上
城市街道上的一辆红色双层公共汽车,一辆红色双层公共汽车沿着街道行驶,城市街道上双层公共汽车
几头牛在路边的中间地带吃草,五头牛在两条公路之间的一片草地上吃草,牛田里吃草
一头黑色的母牛和一头棕色的母牛站在一棵连根拔起的树前的平原上,一头黑色的母牛和一头棕色的母牛站在田野里一小丛树的前面,站草地上一头黑白相间母牛
一群人坐在一张饭桌旁,一群人坐在饭馆的桌子旁,一群人坐在一张饭桌旁
桌子上的电脑,在书桌上操作的计算机,戴眼镜电脑上打字男孩
沙滩上的黄色小船,岸边有一条黄色的小船,四个人绿水上小船上
一只灰色的猫坐在窗台上看着照相机,猫站在窗台上看着照相机,一只猫背上看着照相机
红色双层巴士沿着街道行驶,城市街道上的双层公共汽车,一辆红色双层公共汽车街道行驶
三头牛在一片草地上吃草,三头牛在田里吃草,三头牛田里吃草
一架白色飞机在跑道上,一架白色飞机在跑道上,一架白色飞机停水泥上
被宠爱的棕褐色小狗,一只棕褐色的小狗被抱着并抚摸着,一只棕褐色狗跳去接网球
一只绿眼睛的灰猫看着相机,一只灰色的猫用绿色的眼睛看着照相机,一只灰色猫绿色眼睛看着照相机
喂羊的男孩,喂羊干草的男孩,两个男孩开车
白羊正站在青山上,一只羊站在山坡上,羊站青山上
一张破损的木栅栏的黑白照片,一张黑白相间的照片，是一条肮脏的街道附近的一道旧木制篱笆,一张自行车黑白照片
有许多贴纸的停车标志的背面,停车标志的背面用贴纸装饰,家猫躺猫窝背面
一辆自行车停在书店外面,一辆停在书店外面的绿色自行车,一辆停书店外面绿色自行车
一辆棕色的双层游览车在街道上，后面有一个摩天轮,在摩天轮前行驶的双层公共汽车,一辆双层公共汽车城市街道上行驶
两个女人和一只黑狗站在客厅里,两个女人站在客厅里，一只黑狗正朝镜头望着,两个孩子一只黑狗雪地里玩耍
一辆蓝色老式汽车前灯的特写镜头,关闭一辆蓝色汽车的前灯,一匹戴着蓝色缰绳马特写镜头
一只黑白相间的猫躺在毯子上,一只黑白相间的猫睡在一条紫色的毯子上,一只黑白相间猫躺毯子上
背景中有一张餐桌的起居室,以餐厅为背景的起居室景观,背景中有一张餐桌起居室
一辆红灰相间的火车正在通过一条隧道,一列红灰相间的火车穿过树丛中的一条隧道,旧蓝白相间火车铁轨上
红色双层巴士的引擎盖打开,一辆旧的红色伦敦双层巴士的引擎盖升起,红色双层巴士带引擎盖
红色双层巴士驶过街道,红色双层巴士沿着街道行驶,红色双层巴士
男孩和狗躺在沙发上,这个男孩和一只小狗躺在沙发上,一个笑男孩躺一堆蓝色球上
猫躺在地毯上的黑白图像,一只猫躺在地毯上的黑白照片,一只白色猫站地毯上
八瓶竖琴啤酒在地板上排成一行,八瓶竖琴啤酒排在木地板上,一台苹果电脑放在地板上
栖息在花盆上的鸟,鸟栖息在灰泥墙旁的花盆上,一只红色鸟栖息一棵树上
骑在马背上的年轻女子,穿着骑马装备的年轻女孩,一位年轻女子吹长笛
两只猫坐在沙发的后面，望着窗外,在一张海图中，两只猫坐在沙发的后面，望着窗外,一张猫坐在沙发上黑白照片
两个年轻的女人剪了一只羊,两个女人牵着一只羊,一只黑脸羊
一个年轻的女孩骑着一匹白色和灰色的马,一个小女孩骑着一匹白色和灰色的马,一个年轻女孩骑着一匹棕色马
有木柜和家具的厨房,厨房有木制的桌子和橱柜,一只猫背上一件家具爬行
一对夫妇抱着一个孩子,带着新生婴儿的夫妇,一对夫妇走街上
从喂食器里吃东西的小鸟,从喂食器里吃东西的鸟,一只棕色小鸟挂树上喂食器上吃东西
一只黑头白羊的近照,一只黑头羊的特写镜头,一只闭着眼睛猫近照
一个小男孩和一条狗躺在沙发上,一个小男孩和一只狗躺在沙发上,一个女人躺两个男人身上坐在沙发上
火车在铁轨上,火车轨道上的火车,坐在火车车场铁轨上火车
一辆红色的小轿车停在一辆半卡车上,白色半卡车顶上的红色跑车,一辆卡车下山
一个男人站在一辆黄色的跑车旁边,一个男人站在一辆黄色的克尔维特旁边,这是一辆雪佛兰跑车后视图
双层巴士，背景是伦敦眼摩天轮,一辆棕色的双层游览车在街道上，后面有一个摩天轮,红色双层巴士载客
一只蓝色的鸟栖息在戴着手套的手上,鸟栖息在一个人戴着手套的手上,一只红色鸟栖息一棵树上
一个婴儿拿着一包番茄酱,坐在高椅上的婴儿拿着一包番茄酱,一个婴儿睡着
马头的特写镜头,对一匹棕色马头的特写,马头侧面
火车在火车站,车站里的火车,火车停火车站
一只黑色的狗从水中冒出来，嘴里叼着一个白色的球,一只黑色的狗从水中走出来，嘴里叼着一个白色的球,一只棕色狗嘴里叼一个球水中飞溅
一对玩紫色球的狗,两只狗玩紫色足球,狗玩地板清洁剂
棕色和白色的狗在游泳池里游泳,一只棕色和白色的狗在后院的游泳池里游泳,一只黑白相间狗游泳池里游泳
两条狗在草地上奔跑,两只狗在草地上玩耍,一只狗草地上奔跑
一只黑棕色的狗在树林里跑来跑去,一只狗在树林中奔跑,一只棕色狗树林中奔跑
一个蹲着拿着相机的人,蹲着的人拿着一个大相机,一只棕色狗蹲草地上
一只狗在空中跳来跳去抓玩具,一只黑狗跳到空中去抓玩具,狗玩具吠叫
一个胳膊骨折的男孩正躺在床上休息,一个胳膊断了的男孩在睡觉,一只黑白相间猫躺猫床上
在滑板上耍花招的男,一个男孩在滑板上耍花招,滑板运动员半根管子上耍花招
一只穿着“超人”衬衫的狗睡在毯子上,一只穿着超人衬衫的棕色狗躺在一条蓝色毯子上,一只黑白相间猫睡紫色毯子上
那只白色和棕色的狗跑过草地,一只棕色和白色的狗跑过草地,只棕色白色狗雪中玩耍
两只狗正在穿过一片草地,两只狗在草地上奔跑,两只狗草地上玩耍
两个亚洲男人和亚洲女人坐在黑色的按摩椅上,两个亚洲男人和一个女人在按摩椅上放松,四个亚洲年轻人坐在书房客厅里
一个女孩玩的是一堆五颜六色的球,一个小女孩在一个五颜六色的球坑里玩耍,一个女孩玩秋千
一只白色和棕色的狗在草地上奔跑,一只棕色和白色的狗在草地上奔跑,一只棕色狗草地上奔跑
两只大狗在草地上奔跑,两只狗在草地上奔跑,两只狗草地上奔跑
一个小男孩从一张椅子跳到另一张椅子上,一个小男孩在他的房子里从一把椅子跳到另一张椅子上,一张黑色桌子白色毛茸茸椅子
一只嘴里叼着一根棍子游泳的狗,狗嘴里叼着一根棍子在水中游泳,一只嘴里叼一根棍子狗
一只黑贵宾犬在雪中嬉戏,一只黑色贵宾犬在雪中嬉戏,一只狗雪中玩耍
一只棕色和黑色的狗正跳着去接一个红色的球,一只棕色和黑色的狗跳向一个红色的球,一只棕色狗跳空中去接球
一群人在一辆红色消防车前,一群人站在一辆红色消防车周围,一辆红色双层巴士
一只黑狗在水中奔跑,一只黑狗正在水中奔跑,一只黑狗跳进水中
两个人在高尔夫球场上打高尔夫球,两个人在高尔夫球场上打高尔夫球,两个人一艘小帆船上航行
穿着蓝白相间队服追逐足球的孩子,一个穿着蓝色足球制服的小男孩在追逐一个球,旧蓝白相间火车铁轨上
两个人坐在码头的尽头,两个人坐在码头上,两个人坐在靠近水面码头上
那只棕色和白色的大狗在雪中奔跑,圣伯纳德狗在雪地里奔跑,只黑狗雪中奔跑
一个穿橙色衣服的女孩点了一支蜡烛,一个穿橘色衬衫的女孩点起蜡烛,女孩眼皮上用一支眼笔
一条狗在水面上晃动,一只狗把水抖掉了,两个人划着一条红色独木舟倒映在静止水面上
三个人在一块“禁止滑雪”的标牌后面摆着滑雪板的姿势,三个滑雪者站在一个禁止滑雪的标志后面,一个人滑雪板上跳跃
一只蓝领黑狗正在雪中奔跑,一只穿着蓝领的黑狗在雪地上奔跑,一只黑狗雪中奔跑
一群年轻人在湖水里游泳,许多孩子在水中玩耍和游泳,一个小女孩游泳池里游泳
在敏捷性比赛中，一只狗跳过障碍,一只狗跳过障碍球场的篱笆,一只狗雪地里跳飞盘
一只棕色的狗在草地上奔跑,一只棕色的狗在草地上奔跑,一只棕色狗草地上奔跑
一个滑雪者正掉进雪中,一个滑雪者的脸首先掉进了雪中,两名滑雪者雪地上空滑雪
两个曲棍球运动员在冰上打架,两个曲棍球运动员在冰上打斗,两个人打架
两只狗在田野里奔跑,两只狗在田野里玩耍,两只狗泥土里奔跑
一只跳过栅栏的狗,一只狗跳过了栅栏,一只小狗跳过一根黄色横梁
一只狗跳下码头跳入水中,黑狗跳下码头，跳入水中,码头水中一艘大船
两只狗在雪中玩耍,雪地里有两只黑狗,两只狗雪中玩耍
一只黑白相间的狗在田野里奔跑,一只黑白相间的狗在草地上奔跑,一只白色棕色狗田野里奔跑
一个湿漉漉的孩子在泳池边的毛巾下打着寒战,一个湿漉漉的孩子在游泳池前用毛巾打着寒战,一个女孩湖中晃动湿漉漉长发
一只白色的狗在海滩上奔跑,那只白色的狗正沿着海滩奔跑,一只黑白相间狗海滩上奔跑
一个女孩在海滩上做后弯,一个女孩在海滩上做后弯,一个男孩一个女孩海滩上玩耍
一个小男孩在海滩上跳来跳去,一个男孩在沙滩上跳来跳去,一个女人海滩上游泳
五个穿着燕尾服的男人正走下台阶,五个穿着燕尾服的人走下一排台阶,穿着燕尾服人骑一匹白马
一个人和一只狗在岩石海岸上,人和狗站在水边的岩石,一个男人坐在岩石上
三条狗在雪地里拉着一个骑自行车的人,狗在雪地里拉着一个骑自行车的人,一名骑着黑白里拉骑自行车人飞快观众面前飞驰
三个孩子在户外玩干草，向镜头扔一些干草,三个小孩在干草里玩，把一些扔在照相机前,一头黑白相间母牛一只装有干草围栏里
三只狗在跑道上奔跑,三只狗在跑道上绕过一个弯道,三只狗雪中奔跑
一名男子站在靠近海洋的锯齿状岩石的顶部,一个人站在岩石上俯瞰大海,一个空荡荡停车场里一名男子骑着摩托车站一名戴着头盔男子旁边
这位妇女正在带领一只狗通过障碍赛,一位女士带着她的小狗经过了一场障碍赛,一只狗一只狗滚另一只狗
两只狗在海滩上奔跑,两只狗在海滩上奔,海滩上奔跑狗
一个穿着黄色衬衫的男人戴着金色的防晒面具,一名身穿黄色衬衫的男子戴着金色的太阳形面罩,一个小女孩穿着紫色衬衫戴着头盔骑着一辆滑板车
把手放在头上的孩子,一个小男孩站在那里，双手放在头上,一个男人空中抓把手
两只棕色的狗在互相咬着,两只棕色的狗在沙滩上互相咬,狗咬拖把
滑板运动员试图在低矮的墙边玩一个把戏,一个男孩在栏杆上玩滑板,石墙上玩花样滑板运动员
在海浪上骑着冲浪板的人,一个穿着黑色衣服的人在冲浪板上冲浪,两个骑脚踏车人骑土山上
一只狗在草地上跑,一只棕色的狗在草地上奔跑,一只狗草地上奔跑
三只狗在水里玩耍,三只狗在水里游泳,三只狗水里游泳
一只白色的狗在沙滩上奔跑,一只白色的狗在沙滩上奔跑,只棕色狗沙滩上奔跑
一个男人用皮带牵着两条狗沿街走去,一个男人在城里遛狗,一个男人牵着一匹马走
一只穿着绿色毛衣，背着背包在雪地上行走的狗,一只小狗穿着一件绿色的毛衣，背着一个背包在雪中行走,一只狗雪中行走
一个女孩在蹦床上头朝下跳,一个女孩在蹦床上蹦蹦跳跳,一只狗蹦床上跳
三个小男孩给自己盖上了泡泡,站在游泳池边的三个孩子浑身都是泡沫,三个孩子地板上玩耍
一只棕色的狗咬着一个橙色的球,狗嘴里有一个橘黄色的球,狗咬罐头
沿着海滩跑,一条大羚羊在海滩上奔跑,一男一女牵着手跑
一个女人把一个婴儿放在沙滩上的滑板上,一位妇女在海滩的滑板上抱着一个小婴儿,一个婴儿地板上爬行
一只黑狗开玩笑地咬着一只浅棕色的狗的耳朵,一只黑狗在客厅里开玩笑地咬另一只狗,一只黑狗一只黄狗
小猎犬正在海岸线的海滩上散步,一只小猎犬沿着平静的海岸走着,两只小猎犬家木地板上玩耍
黑白相间的狗在草地上奔跑,一只黑白相间的狗在草地上奔跑,两条狗草地上奔跑
一个小男孩头上戴着滤水器在玩小丑,头上戴着金属滤网的男孩,一个小男孩一个小女孩外面玩
那只棕色和白色的狗正在浅水中行走,一只白色和棕色的狗似乎正在水上行走,只白色棕色狗跑草地
一个女孩在停车场附近的人行道上跳绳,一个女孩在人行道上跳绳，左边是一个停车场,一个超重人跳绳
一只狗跳到半空中去抓飞盘,那只棕色的狗跳起来想要一只粉红色的飞盘,一只狗雪地里跳飞盘
一个赤裸上身的人在草坪上踢足球,赤裸上身的人接住了足球,赤裸上身人坐在椅子上
一只狗跳过链子,跳过链子的狗,一只狗雪地里跳飞盘
一个拿着黑色钱包的女孩坐在木凳上,一个拿着黑色钱包的年轻女子坐在一张木制长椅上,女孩坐在沙发上钩针
两个无家可归的人站在外面，举着一个纸板牌子,两个无家可归的年轻人举着一个纸板标志,两个女人站公共汽车外面
两只棕色的狗一起在沙滩上奔跑,两只棕色的狗在沙滩上奔跑,一只狗沙滩上奔跑
在沙子里挖洞的狗,一只棕色的狗在沙子里挖洞,两个瘦小男孩水里玩沙子
一只黑白斑点狗跳过一条小溪,一只黑白相间的斑点狗跳过小溪,一条小溪里两只狗
两只狗在高高的草地上奔跑,两只狗正在穿过一片草地,两只狗草地上奔跑
一个男孩在火花周围挥手,一个小男孩在空中旋转着一根火把,一个男孩弹钢琴
两种不同品种的棕色和白色的狗在海滩上玩耍,两只狗在沙滩上玩耍,一只棕色狗坐在海滩上
两只狗在雪中玩耍,两只狗在雪中玩耍,两只狗雪中玩耍
一只白色的毛茸茸的狗在纯白的雪地上奔跑,一只毛茸茸的白狗在雪地里奔跑,一只白色狗雪中奔跑
一个滑雪运动员跳上了天空,一位滑雪运动员在空中飞来飞去,一个男人跳一堵矮墙上
一个女人对着麦克风唱歌，是一个弹吉他的家伙,一名妇女对着麦克风唱歌，背景是吉他手,一个男人弹一把吉他麦克风唱歌
一个骑自行车的人正在使他的自行车在两块岩石之间跳跃,一个男人在两块岩石之间跳起他的自行车,一个男人骑自行车
一个穿着粉红色连衣裙的女孩沿着白色的栅栏骑着自行车,一个穿着红色连衣裙的女孩骑着自行车站在一道白色的篱笆前,一个穿着粉红色连衣裙小孩坐在桌子上
穿着红色工作服的女人站在人行道上,一个穿红色工作服的女人站在人行道上,女人坐在红色摩托车上
两只小狗在草地上玩,两只小狗在草地上玩耍,两只小狗田野里玩一个红色咀嚼玩具
带着两根滑雪杆从多雪的山上滑下来的人,一个人从多雪的山丘上滑下来,一群人山上跳舞
人们站在向上移动的自动扶梯上,人们乘坐自动扶梯,一只蓝鸦站草地上
一位女士正在敏捷地训练她的狗,训练员用绿管子训练她的,一位女士写信
曲棍球守门员躺在球网前的冰上,一名曲棍球运动员正躺在球门前的冰上,斯米恩躺下
一对年轻男女坐在外面的长凳上接吻,坐在长凳上的男女正在接吻,一对男女雨中跳舞
两个孩子在林子里的一条小路上走着,两个孩子走在林子里的一条小路上,一个人正走一条石路上
两条狗在草地上并排奔跑,两只狗在草地上奔跑,一只狗草地上奔跑
一只狗在水中飞溅,一只狗在浑浊的水中飞溅,一只棕色狗嘴里叼一个球水中飞溅
在海滩上奔跑的年轻女孩,一个小女孩在海滩上跑来跑去,海滩上奔跑狗
你是想让我证明你是否定的吗,你想让我证明你是阴性的,一个男孩想说消防车
我对医疗用途没意见,我对医疗用途没意见,宗教意见
中东战争,中东战争,一个人吹长笛
没有公平审判的机会,没有公平审判的机会,不保罗机会
我们英国人的想法与美国人不同,最初由Zaf发布，我们英国人的想法与美国人不同,尖头小子发来一厢情愿想法现实
嘿，蓝眼睛，伦敦怎么样,*接吻跑*嘿，蓝眼睛，伦敦怎么样,国际战略研究所设在伦敦
.nazi是NSWP的俚语,Nazi是NSWP的俚语,一个人吹长笛
我已经问过她是不是要出去玩了,我至少问过三人行是不可能了,一个人吹长笛
基础上的不同，好吗,根本不同,仙女不好
我不是愤怒，我是失望,上帝保佑我没有愤怒，我很失望,中国朝鲜愤怒克服美国担忧
这取决于你如何定义极端,取决于你如何定义“极端”,自然定义
他们知道录像里没有毒气室,最重要的是视频剪辑没有显示毒气室,查理·兰格尔指责有人段录像
Neander医生的修订,Neander的修订版“,医生担架运送病人
这不是答案,不这不是答案,巴基斯坦法庭亵渎横冲直撞答案
那么今天的简单事实呢,我重复一遍：那么今天的简单事实呢,事实并非如此
我花在收养伶盗龙上的钱,那可能是我的上衣。我花在收养伶盗龙上的钱,钱
我知道我不想成为他,我也不想做他,反对核武器不意味着不想核武器
个人责任多吗,再说一遍个人责任,死负责任
你注意到你说的那些无稽之谈了吗,说句公道话，你注意到你说的那些无稽之谈了吗,说不通
这怎么会对布什有偏见呢,反对布什的立场在哪里,美联社民调美国人黑人偏见
如果不是胡说八道就不会是顺势疗法了,这是简单的逻辑，如果不是胡说八道，就不会是顺势疗法,阿特拉斯耸耸肩一个杰出表演胡说八道白痴
阅读更多：你从来没有遇到过支持堕胎的人吗,你从没见过支持堕胎的人吗,反对堕胎人不希望妇女选择堕胎
天哪，我才是那个怀孕的人,我有妊娠报价器,政府怀孕足月很好
就像今年那个在与大麻有关的犯罪中被枪杀的孩子,或者是那个年仅一岁的男孩被大麻贩子用自动武器打死,有人锅里倒大麻
由于最近的下降，它们实际上显示出一种降温的趋势,得到一个冷却的趋势，因为最近的下降,原子理论一种观点一种信念
重复一遍：他们不再像以前那样享有主权了,他们不再像以前那样享有主权了,好终极主权
我们又在谈论天使和普通的别针了，对吧,卢斯蒂格·安德烈，我们又在谈论天使和普通的别针了，对吧,一个男人站谈论一件灰色地铁T恤
告诉我们罪名是什么,是的他的费用是多少,北约抗议者被判非恐怖主义罪名成立
好的刚进来,不太好吧刚进来,好终极主权
@卢斯蒂格·安德烈，那么林登·约翰逊和约翰·肯尼迪是相容的吗,@edgarblythe，那么林登·约翰逊和约翰·肯尼迪是相容的吗,卢斯蒂格·安德烈卢斯蒂格同意
我们为他们战斗会得到什么回报,-我们为他们战斗得到了什么回报,加州会
她是个很棒的女士,她是个好女人,一位女士写信
他在各个层面上都说,但他说每一层,沃尔福威茨说军事行动大规模贿赂都解决朝鲜
我以为那只是荷兰人,大部分都是荷兰人,大部分都荷兰人
我会跟伊朗做个交易,恰克我会跟伊朗做个交易,天主教徒我会天主教徒
有时我幻想拥有权力,有时候，我也会幻想在我疯狂的意志出现之前让别人屈服,古斯芒东帝汶权力
听到这个消息我很难过,我很抱歉凯莉,阿富汗总统府听到爆炸声
我是你的朋友米特,你的好朋友米特,米特·罗姆尼来说超级星期二
我想你需要重读我写的东西,你得重读我写的东西,法律简报可不是写
这打破了以往的记录,这打破了每天的记录,美国国会记录显示通用汽车召回缓慢
对大多数人来说，市政税不是都被冻结了吗,对大多数人来说，议会税不是已经冻结了吗,交了税就行了
吸气，呼气，继续前进,但是，哈，吸气，呼气，继续前进,一个男人吹一支大笛子
奥巴马是极端的左翼分子,奥巴马是极左分子的一部分,奥巴马签署奥巴马医改
所以我真的读了这篇文章猜猜我发现了什么,此外，我发现了这一点：所以，我实际上阅读了行动，并猜测我发现了什么,读圣经基督教
嗨，Pro和Corn：你打算做多少条线,你打算做多少条线,没说打算逮捕
告诉我哪个系统现在不起作用,那么，哪个系统对我们不起作用呢,索马里治理机构长期以来不起作用
哦，再说一遍，婚姻是一项基本人权,特别是在指出婚姻是一项基本人权之后,不婚姻而战
为什么俄罗斯人在大马士革,俄国人在大马士革,大马士革军用机场发生爆炸
重复一遍：他们不再像以前那样享有主权了,他们不再像以前那样享有主权了,好终极主权
中东没有战争,中东没有“战争”,巴基斯坦秘密战争
绝对不是以前的样子了,投票结果肯定和以前不一样了,一个人吹长笛
整件事就是说不通,这说不通啊,整件事都一场嘲弄罗克兰县巡警慈善协会主席布伦特·纽伯里怒气冲冲地说
据说是谁操作了杀人毒气室,让你回想一下：是谁操作了杀人毒气室,加拿大穆斯林发布法特瓦反对荣誉杀人
大卫@OmSigDAVID，我认为桑托勒姆比金里奇更有可能,@sozobe，我认为桑托勒姆比金里奇更有可能,桑托勒姆赢得堪萨斯预选会
你们这些蠢货.买了掩盖的.钩子,嗨，艾提斯：你们这些笨蛋.买了掩盖.钩子,退伍军人健康调查证实护理延误掩盖
那会是什么信念呢,你以前说的是什么信念,原子理论一种观点一种信念
在Foxe盆地被冻结了,狐狸大部分时间都被冷冻了,还冻结更实体资产
啊哈，哈,哈，哈,一个人吹长笛
我不想要一个“在乎”的总统,我不想要一个富有同情心的总统,不想要一个魅力十足总统
所以我们同意它本质上是自由落体的,我们是否同意，它们本质上是自由落体的,阿萨德同意交出化学武器
海地是个狗屁地方,海地一直是个狗屁地方,热带风暴艾萨克袭击海地袭击古巴
我完全同意，我希望他能连任,我希望他能连任,希望没事
人们已经觉醒了,因为人们已经觉醒了,一个人吹长笛
嗯，加州是一艘货船，我不在乎文章怎么说,加利福尼亚号是艘货船,海上一艘大船
哈，哈,啊哈，哈,一个人吹长笛
施洗约翰从出生时就是拿撒勒人,施洗约翰生来就是拿撒勒人,两岁埃及双胞胎男孩达拉斯儿童医疗中心接受26小时手术出生时头部联合分居
而视频地震数据并不等于崩塌的持续时间,地震资料不等于崩塌持续时间,美国股市制造业数据回落
这取决于哪种行动进一步推动了他们当前的疯狂议程,这取决于他们采取了哪些行动来推动他们的“朗尼-曲调”议程,进一步加剧局势
中东没有“战争”,中东没有战争,巴基斯坦秘密战争
不，我证明你是故意的无知,哈哈，你太无知了,这是一条糟糕法律希望最终证明
如果没有提供证据支持某一立场，则应予以拒绝,如果某一立场是无法核实的，则应予以拒绝,阿拉伯联盟支持巴勒斯坦和谈中立场
如果上帝不存在，会有什么道德上的错误吗,我再问一次，如果上帝不存在，会有什么道德上的错误吗,道德不从技术上讲道德上错误
丢了一场比赛,阿迪·乔斯·科恩扔了个游戏,两个人一场比赛中翻转拖拉机轮胎
你不常用搜索按钮，是吗,你根本不用搜索按钮，是吗,赛车第一次F1训练中最快按钮
你注意到你说的那些无稽之谈了吗,说句公道话，你注意到你说的那些无稽之谈了吗,说不通
意识形态是建立在暴力扩张的基础上的，所以，是的，暴力扩张,这种意识形态是建立在暴力扩张和种族优越感的基础上的,南非调查地雷暴力
这可能是灌肠吗,@OSSOUCUO，这可能是灌肠吗,一个人吹长笛
昂山素季的私人医生说，缅甸民主派领导人昂山素季将于周五晚些时候回国，但在仰光一家医院手术后康复后，她将继续被拘留,缅甸民主派领导人昂山素季(Aung San Suu Kyi)的私人医生周五表示，昂山素季从一家接受手术的医院出院后，将被软禁,缅甸选民有望昂山素季政党获胜
南亚紧随其后，110万青年感染，其中62%是女性,在南亚110万感染者中，62%是女性,圣诞节游轮乘客感染诺沃克病毒
一小时后，一架以色列直升机在加沙城向一辆汽车发射导弹，造成两名哈马斯官员和至少五人死亡,巴勒斯坦消息人士说，一小时后，以色列攻击直升机向加沙城的一辆汽车投掷导弹，造成7人死亡,报道以色列哈马斯同意12小时休战
AAA发言人杰里·切斯克(JerryCheske)表示，价格可能影响了一些计划，但廉价的酒店交易减轻了这一影响,AAA发言人杰瑞·切斯克(JerryCheske)表示，价格可能影响了一些计划，但廉价的酒店交易弥补了这一点,巴勒斯坦和解影响
今年早些时候，微软收购了Connectix的资产，收购了VirtualPC,今年早些时候，微软从其开发者Connectix手中收购了VirtualPC,McAfee3.89亿美元收购Fireware Stonesoft
这是自9·11恐怖袭击纽约和华盛顿以来的第一次这样的演习,这是美国自9月9日以来首次举行大规模反恐演习。11次恐怖袭击,朝鲜警告韩国演习报复
乌塞尔·雷森证实，该公司运营着这辆长途汽车，但没有透露任何细节，只是说乘客是混龄的,乌塞尔·雷森证实，该公司一直在运营这辆长途汽车，但拒绝透露乘客的详细情况，只是说他们是混龄乘客,魏圣乐拒绝透露朝鲜核反应堆项目细节
汤姆·克莱纳克(TomKraynak)是总部位于俄亥俄州坎顿市的东中部地区可靠性委员会(East Central Area ReabilityCouncil)的运营和资源经理，他说，这是调查人员正在考虑的许多情况之一,汤姆·克莱纳克(TomKraynak)是总部位于俄亥俄州坎顿市的东中部地区可靠性委员会(East Central Area Reality Council)的运营和资源经理，他说，调查人员正在考虑这一情况,英国央行Bank Of England保罗·塔克Paul TuckerLibor Mess玷污
他们发现只有当臭氧分解胆固醇时才能产生分子,所有的样本都含有只有当胆固醇与臭氧相互作用时才能产生的分子,俄罗斯飞机印度尼西亚坠毁时发现12具尸体
早些时候，当巴希尔在戒备森严的法庭上走向他的座位时，他们违抗了警察的命令，高喊着“阿拉胡阿克巴”(上帝是最伟大的),早些时候，巴希尔的支持者违抗警察命令，在他走向自己的座位时高呼“阿拉胡阿克巴(上帝是最伟大的)”,上帝不
随后，DVD-CCA向州最高法院提出上诉,美国影视局(DvdCCA)就这一决定向美国最高法院提起上诉,辩方审判后才能Roush裁决提出上诉
在抗议者冲上舞台，两次切断麦克风的电源后，赫奇斯提前结束了演讲,在抗议者冲上舞台，两次切断麦克风的电源后，赫吉斯缩短了他的演讲时间,人舞台上麦克风唱歌
医生说，一个或两个男孩可能会死亡，一些大脑损伤是可能的，如果他们活着,医生说，一个或两个男孩可能会死亡，如果他们活下来，一些大脑损伤是可能的,父母希望活着丈夫说从来不想人为活着
丹尼尔斯说，在今晚的每人2000美元的总统筹款活动上，他不知道布什会对他说些什么,丹尼尔斯说，他不知道布什将在今晚的每人2000美元的招待会上说些什么，以便为他的总统连任竞选筹集资金,布什说毫无根据不科学恐惧阻止新生物作物
布兰代斯的官员说，这是一个“非常令人痛心”的校园时间,“对于整个Brandeis大学社区来说，这是一个非常令人痛心的时刻,巴勒斯坦人和谈几个月时间以色列官员
据Corel称，这笔交易的总价值将达到1.24亿美元，其中包括可转换证券,根据Corel的数据，包括可转换证券在内，这笔交易的总价值估计为1.24亿美元,交易簿证券交易所开盘
阿巴斯在峰会上说，他将结束“武装的英特尔”，放弃“针对以色列人的恐怖主义，无论他们在哪里”，并暗示要解除武装分子的武装,在周三的首脑会议上，阿巴斯承诺结束“武装的英特尔”，放弃“针对以色列人的恐怖主义，无论他们在哪里”，并暗示要解除武装分子的武装,说全世界一点结束恐怖主义
但财务分析师密切关注的软件许可收入下降了21%，至1.076亿美元,作为衡量需求的一个关键指标，许可证销售下降了21%，至1.076亿美元,1月6月消费集团创造44.7亿美元利润200亿美元收入占花旗集团利润收入53%
据报道，21岁的多特森于7月21日被逮捕，并被指控。据报道，他告诉当局，在德内希试图开枪后，他开枪打死了德内希,根据逮捕令证词，多特森于7月21日被捕，此前他告诉联邦调查局特工，当德内希试图向他开枪时，他开枪打死了德内希,逮捕令证词多特森告诉联邦调查局特工德内希试图开枪后开枪打死
北美期货周二开盘低于平价，投资者已准备好第一次尝到季度收益,北美股市周二开盘缓慢，投资者已准备好第一次尝到季度收益,新加坡股市周二开盘下跌0.06%
但文件称，联邦调查局(FBI)从未对巴尤米(al-Bayoumi)进行监控-尽管它收到了有关他是一名沙特特工的信息,但该机构从来没有对al-Bayoumi进行监视-尽管得到了事先的信息，他是一名秘密的沙特特工，报道说,吉尔罗伊警方联邦调查局特工称Gehring很合作周六透露孩子发生事
根据这项研究，自20世纪50年代以来，挪威和瑞典的皮肤癌发病率增加了两倍,这项研究还发现，自20世纪50年代以来，挪威和瑞典的皮肤癌几乎增加了三倍,自上世纪80年代韩国子弹头列车系统
袭击事件中澳大利亚受害者的几名亲属出庭作证，但几乎没有巴厘岛人出席审判,几名澳大利亚遇难者的亲属坐在法庭的前排，但几乎没有巴厘岛人参加审判,内罗毕袭击事件死亡人数59人
此前，该公司在此期间的利润为1，200万美元，合每股0美分,此前，该公司报告在此期间实现了1，200万美元的小幅利润，即每股盈亏平衡,去年第二季度AKSteel利润1620万美元合每股15美分
该公司通过新的大型机将.NET和J2EE支持添加到其企业应用程序环境(EnterpriseApplicationEnvironment，EAE)中,Sapp说，该公司还在其企业应用程序环境开发工具集中添加了.NET和J2EE支持,意大利议会支持新总理
来自佛罗里达州达尼丁高中的外野手瑞安·哈维(Ryan Harvey)被芝加哥小熊队(Chicago Cubs)选为第六名,来自佛罗里达州的高中外野手瑞安·哈维(RyanHarvey)被小熊队选为第六名,CNN高层洗牌中泰娅·瑞安Teya Ryan辞去美国节目总经理一职
现在，布兰卡的美国丈夫、63岁的罗杰·劳伦斯·斯特伦克(RogerLawrenceStrunk)面临菲律宾政府今年2月发出的谋杀指控，菲律宾政府称他是首要嫌疑人,现在，布兰卡的丈夫，63岁的特雷西的罗杰·劳伦斯·斯特伦克(RogerLawrenceStrunk)面临菲律宾政府2月份发出的谋杀指控,29岁雷·布伦特·马什RayBrent Marsh面临虐待尸体盗窃指控
在加拿大，繁荣的美元将再次成为焦点，因为它试图保持在75美分以上(美国)。马克,在加拿大，飙升的美元再次成为焦点，因为它苦苦挣扎，只是未能保持在75美分以上(美国)。马克,系统辩证法焦点慢性慢性
微软已经获得了即时消息功能的专利，该功能在用户与其通信的人输入消息时发出警告,微软已被授予一项受欢迎的即时通讯功能的专利，该功能可显示通话另一端的用户键入消息的时间,土耳其叙利亚难民发出警告
大部分资金，约650亿美元，将用于在伊拉克和阿富汗的军事行动,其中大部分-647亿美元-主要用于在伊拉克和阿富汗的军事行动,东海岸大部分地区
穆尔周二没有立即置评,穆尔周二没有立即做出回应,董事会主席罗伯特·班尼特RobertBennett周二拒绝人事置评米尔斯
雪莱的办公室周五报告说，已经向他报告了575，926个签名,雪莱的办公室周五晚些时候公布了签名数量，并表示，截至目前，县已经报告了575，926个签名,原子能机构报告受到限制
工会官员罗布·奥尼尔(RobO‘Neill)说：“现在已经脱下手套了。,Unifi官员罗布·奥尼尔(RobO‘Neill)说：“已经脱下手套了。,布莱恩·罗布夫BrianRohrbough儿子丹尼尔Daniel科伦拜恩遇害说段录音引发令人不安
“当然，我们所知道的表明，我们应该非常认真地对待他们所说的话，”他补充说,他说：“我们并不是什么都知道，但我们知道的情况表明，我们应该认真对待他们所说的话。,报告补充说旋转操纵公共关系答案辩论
美国国土安全官员周二宣布，政府已选择三家公司制定计划，以保护商用飞机免受肩射导弹袭击,美国国土安全部星期二宣布，它已经选择了三家公司继续研究如何阻止对美国商用飞机的肩射导弹袭击,庞大财产政府保护
包括24名共和党参议员在内的57名参议员在这封信上签了名,在签署这封信的人中，57人是参议员，其中包括24名共和党人,卢格纳恩是参议员
曼努埃尔和他的团队通过连接马塔莫罗斯和布朗斯维尔的桥梁进入美国,曼努埃尔和他的团队以每天成千上万人的方式进入美国，他们走过马塔莫罗斯和布朗斯维尔之间的桥梁,克里斯·布朗演唱会取消
赛伦斯基此前曾因银行抢劫罪在监狱服刑七年,塞伦斯基因抢劫银行被判入狱七年,40名囚犯谋杀罪服刑
霍华德表示，他对审判希克斯的制度也有信心,霍华德昨日还表示，希克斯将受到公平对待，称他对美国司法系统抱有信心,人管理机构人信心
思科已与AT&T Corp.T.N，SBC Communications Inc.签署了类似的协议。SBC.N和Sprint公,思科与BellSouth竞争对手SBC Communications、AT&T和Sprint Communications有着类似的关系,Microsoft针对漏洞发布一个修补程序漏洞会影响Windows NT 4.0Windows NT 4.0终端服务版Windows 2000Windows XPWindows Server 2003
“我们谴责以美国为首的管理委员会，”穆克塔达·萨德尔(Muqtadaal Sadr)在一座清真寺的布道中说,萨德尔说：“我们谴责并谴责由美国领导的管理委员会。,萨德尔说谴责谴责美国领导管理委员会
在周五发布的一份声明中，28个车臣非政府组织表示，他们将抵制投票,在今天发布的一份声明中，28个车臣非政府组织表示，他们将抵制投票，并警告选民注意舞弊,律师发表一份声明中哈德利说诉讼感到非常高兴
圣保罗董事长兼首席执行官杰伊·S·菲什曼(JayS.Fishman)现年51岁，将担任合并后公司的首席执行官,51岁的杰伊·菲什曼(JayFishman)将担任合并后公司的首席执行官，他是圣保罗大学(St Paul)的董事长兼首席执行官,NatSemi首席执行官布莱恩·哈拉BrianHalla声称这笔交易两家公司都意义
低于50的数字表明制造业在收缩，而高于50的数字表明制造业在扩张,高于50的读数意味着该行业的增长，而低于这一水平的数据则表明该行业收缩,美国股市制造业数据回落
此前，美国国会曾两次通过类似的限制，结果却遭到比尔·克林顿(BillClinton)总统的否决,国会曾两次通过类似的法案，但当时的克林顿总统都否决了这两项法案,曾两次非法闯入逮捕禁止建筑群
他是一副描绘伊拉克逃亡者的卡片中的钻石王牌，这张卡片已经发给了美国军队,他是一张美国牌中的王牌，上面印着被通缉的伊拉克领导人的照片,伊拉克军队宣称提克里特取得胜利
这个岛国5月22日报告了65例新病例，创造了一天的记录，5月23日报告了55例新病例，使台湾成为世界上疫情增长最快的国家,5月22日，台湾报告了65例新病例，创下了一天的新纪录，5月23日报告了55例新病例，使其成为世界上疫情增长最快的国家,周三梅萨县卫生局报告5例西尼罗河病毒人间病例
该公司已扩展到为买家提供其他服务，包括支付服务,该公司扩大了这些基本服务，提供付款，甚至融资,NterpriseLinux服务预计今年年底推出
南非是世界上病例最多的国家，有470万人感染艾滋病毒或艾滋病,南非有470万人感染艾滋病毒或艾滋病，是世界上艾滋病病例最多的国家,伊朗伊斯兰共和国继中国世界上死刑最多国家
Det总督察NormanMcKinlay说，“有证据表明在这一地区有一具或多具尸体”,负责调查的侦探总督察NormanMcKinlay说：“有证据表明在这一地区有一具或多具尸体,偏执狂证据
杰弗里将军说，他将把他在雅鲁拉任职期间的军人抚恤金捐给慈善机构,杰斐瑞少将表示，他将在雅鲁拉大学服役期间，将自己的军人抚恤金捐给慈善机构,女人拉小提琴
他在2001年被自愿阉割，他认为这一手术剥夺了他的性唤起能力,德弗里斯在2001年8月自愿被阉割，他说手术剥夺了他的性唤起能力,英国菲利普亲王做探查性手术
周日，在加油站外排起了长队，人们争先恐后地从提款机那里取钱，以色列人正准备经受住一场可能使国家瘫痪的罢工,星期天，在加油站外排起了长队，人们争先恐后地从提款机里取钱，以色列人正准备迎接罢工的影响,钱
该季度销售额超过预期，同比增长37%，至17.6亿欧元,销售额同比增长37%，至17.6亿辆，超出预期,第二季度销售额增长7%2002年6亿美元增长6.45亿美元
ICC板球经理大卫·理查森(David Richardson)说：“我们还没有决定是使用完整的白线还是虚线，但这是一个值得介绍的实验。,国际刑事法院板球经理戴夫·理查森(DaveRichardson)说：“我们还没有决定是使用完整的白线还是虚线。,男人板球
凯利是一名拥有硕士学位的国家级董事会认证教师，在他30岁的时候，他的薪水是65，000美元,凯利(Kelley)是一位拥有硕士学位的国家级董事会认证教师，在他30年的教学生涯中，他的年薪为65，000美元,哈里斯克莱伯德学校杀害12名学生一名教师
一些女性还担心，很多女性为了追求身体的完美而转向整容手术,一些女性还表达了对这样一个社会的担忧，在这个社会里，越来越多的人为了追求身体的完美而转向整容手术,很多事情
医生们推测，人体自身的雌激素可以保护细胞免受损伤，并改善血液流动,他们的观点是基于雌激素可以防止细胞损伤和改善血液流动的推测,一群细胞
据该团发言人迈克尔·卡尔弗特上尉说，伤亡中没有美国人的报道,团发言人迈克尔·卡尔弗特上尉说，伤亡人员中没有一人是美国人,好消息安然Enron发言人埃里克·梭德EricThode说
世卫组织女发言人玛丽亚·程(Maria Cheng)对此表示赞同，称：“这看起来很像一个孤立的事件。,“这看起来很像一个孤立的事件，”世界卫生组织女发言人MariaCheng说,华盛顿特区阿里尔·迪恩Ariel Dean政治学学位说孤立事件
和解协议包括410万美元的律师费和费用,原告的律师将得到410万美元的和解,上周公司法律代表原告律师会面讨论一项和解协议
现在他想说什么就说什么，“石县护理和康复中心社会主任AleshaBadgley本周说,现在他想说什么就说什么，“斯通县护理和康复中心社会主任AleshaBadgley确认,一个男孩想说消防车
亨特说，疏散工作进展顺利，但乘客没有被告知发生了什么,乘客被顺利疏散，尽管他们没有被告知发生了什么，他说,意大利公共汽车乘客死亡
在一次采访中，海利，一位犯罪学家，承认在这里和全国的立法者的大部分情绪是对死刑的警惕,在一次采访中，身为犯罪学家的希利说，这里和全国各地的许多议员都对死刑抱有戒心,大部分都荷兰人
警方发言人EdwardAritonang准将周六证实，另有两人被捕，一人在雅加达，另一人在中爪哇的Magelang,警方发言人爱德华·阿里托南准将(Brigadier General Edward Aritonang)昨日证实，另有两人被捕，一人在雅加达，另一人在中爪哇的马格朗(Magelang),西澳男子警方毒品中被捕
还选出了五名候补陪审员，最后一名将于星期五上午从小组中选出,还选出了五名候补陪审员，第六名候补陪审员将于星期五选出,印尼人激烈竞选中投票选出总统
劳工部分析师认为，来自企业调查的工资统计数据提供了更准确的经济图景，因为调查数据基于更大的样本,分析师们表示，他们认为薪资统计数据提供了更准确的经济状况，因为它们基于更大的样本,这一汤姆森第一电话公司ThomsonFirstCall调查分析师预测低3美分
这项研究发现，在过去的几十年里，在每100个鱼钩中钓到10条鱼的地方，他们现在很幸运地钓到了一条鱼,迈尔斯说：“过去，每100个鱼钩能钓到10条鱼，而现在他们幸运地钓到了一条鱼。,两个人沼泽地钓到一条鱼
道琼工业指数收高41.61点，或0.44%，收报9，415.82点,道琼斯指数周五上涨41.61点，当日上涨0.4%，本周上涨0.7%,道琼工业指数收高13.33点0.15%收报9196.55点
班克黑德说，犯罪现场表明凶手“非常有条理”,GBI发言人约翰·班克黑德(JohnBankhead)表示，谋杀现场表明凶手非常有条理,格洛弗说凶手用来勒死受害者韧带上一个活结
微软发言人肖恩·桑德威尔(SeanSundwell)表示：“我们与@STOCK的内部人事决定无关。,“微软绝对与AtStake的内部人事决定无关，”Sundwall说,民主自由无关
IAC的股价昨日收盘下跌2.81美元，至34.19美元，跌幅7.6%,InterActiveCorp的股价收于34.19美元，在纳斯达克市场下跌2.81美元，跌幅7.6%,甲骨文股价下跌27美分跌幅2%13.09美元
司法部说，“只有不到10个”的联邦调查局办公室进行了涉及访问清真寺的调查,此外，司法部说，联邦调查局已经进行了“不到10”的调查，涉及访问清真寺,司法部说联邦调查局不到10调查涉及访问清真寺
密歇根大学校长玛丽·苏·科尔曼(MarySue Coleman)在该大学网站上发表声明称，“我们的基本价值观没有改变,“我们的基本价值观没有改变，”该大学校长玛丽·苏·科尔曼(Mary Sue Coleman)在安娜堡的一份声明中说,周三李·博伊德·马尔沃Lee Boyd Malvo传唤同案狙击手约翰·艾伦·穆罕默德JohnAllen Muhammad预审听证会证人
加州大学伯克利分校法学教授查尔斯·魏瑟伯格(CharlesWeisselberg)说：“当你越界时，你侵犯了宪法规定的权利。,在加州大学伯克利分校教授法律的CharlesWeisselberg说：“当你越界时，你侵犯了宪法规定的权利。,法官裁定马丁内斯痛苦尖叫时反复询问警察主管侵犯第五修正案权利
卡尔森周二表示，他不会回避此案,服务官员说，卡尔森拒绝回避这一案件,朝鲜回避谈判提议
往好的方面看，可口可乐公司。纽约证券交易所代码：Ko-News-People)周四早些时候公布，在欧洲需求的推动下，该季度实现了更高的利润,可口可乐公司周四早些时候，在欧洲需求的推动下，该季度公布了更高的利润,拉姆布斯公司纳斯达克NasdaqRMBSNewsPeople暴涨38%纳斯达克市场涨幅公司
作为交易的一部分，德莱尼同意在继续调查中给予合作,戴夫·德莱尼同意与联邦检察官合作，以换取认罪,希望纽约市同意合作真诚讨论
但其他知情人士表示，维旺迪正在为进一步的竞购敞开大门，并希望看到对个别资产感兴趣的竞购者组成团队,但其他知情人士表示，维旺迪将在接下来的一两天内继续为进一步投标敞开大门,看涨债券人士希望美联储风险倾向经济疲软
美国检察官已经逮捕了130多人，并缴获了1，700多万美元，这是对互联网欺诈和滥用行为的持续打击,周五，美国三个政府机构宣布，在一次网络欺诈行动中，130多人被捕，价值1700万美元的财产被没收,朝鲜美国新制裁打击
美国之旅项目负责人吉姆·威廉姆斯(JimWilliams)表示，到11月中旬，许多抵达亚特兰大的乘客将会被指纹和拍照,访美项目主管吉姆·威廉姆斯(JimWilliams)表示，到11月中旬，检查人员将对许多抵达亚特兰大的外国乘客进行指纹识别和拍照,美国免除乘客巴基斯坦援助
听证会召开前一天，五角大楼第一次挑出一名官员达拉格(Dallager)，称他没有处理这起丑闻,就在听证会召开的前一天，五角大楼首次挑出一名官员-达拉格(Dallager)-未能处理这起丑闻,五角大楼导弹残骸
人口下降的县将是维拉百万、波西和麦迪逊,维龙县、波西县和麦迪逊县的人口将减少,中国网络人口6.18亿
内罗毕全圣大教堂教务长彼得·卡拉尼亚牧师(Rev.Peter Karanja)说，圣公会“正在疏远自己与圣公会的关系”,在内罗毕，所有圣徒大教堂的教务长彼得·卡拉尼亚(Peter Karanja)牧师表示，美国主教教会正在疏远圣公会,大主教管区发言人克里斯托弗·J·科因牧师RevChristopherJCoyne周五不愿置评
当炸弹在Casa de España爆炸时，顾客们正在吃晚饭和玩宾果游戏,在Casa de Espaa，当炸弹爆炸时，顾客们正在吃晚饭和玩宾果游戏,那人办公室里玩Haki sak游戏
普洛夫斯基说，委员会不会进行调查，因为三年的诉讼时效已经到期,小组将不会开始正式的调查，因为诉讼时效已经过了，Plofsky说,哥伦比亚事故调查委员会一名成员哈伯德说这使更接近说泡沫损害
斯奎尔斯是雅典娜有效载荷的首席调查员，这是每个漫游者携带的科学仪器的集合,康奈尔大学(Cornell University)科学家史蒂夫·斯奎尔斯(SteveSquyres)是这些任务的科学仪器的首席研究员,这是常识演绎推理
律师和其他熟悉联邦调查的人说，联邦调查仍然集中在坎贝尔身上，但检察官拒绝讨论这一调查,尽管联邦检察官拒绝讨论这项调查，但律师和其他知情人士表示，调查仍集中在坎贝尔身上,莫里斯说那辆卡车坎贝尔斯溪地区发现符合这一描述
周三，道奇队在道奇体育场的25332名观众面前，以3比2击败科罗拉多队，赢得了自2001年以来最长的连胜纪录,道奇队在过去的九场比赛中连续第六场和第七场比赛获胜，他们在周三的比赛中以3-2击败了科罗拉多队，在多德格体育场的25，332名观众面前,安娜队尚未参加州选举
萨赫勒表示，警方已确认了14人牢房中7具尸体的身份，据信这些人在周六几乎同时发动了5起袭击,他说，警方已经确认了14名袭击者中的7人的尸体，这些人在周五晚上几乎同时发动了5次袭击,7人伊拉克袭击中丧生
密歇根大学今天公布了一项新的招生政策，此前美国最高法院在6月份否决了以前录取本科生的方式,密歇根大学计划周四公布一项新的本科生录取政策，该政策在6月份被美国最高法院驳回,以色列公布建造新定居者住房计划
克里普斯-普拉瓦克上周五离开，两天前，该部门提出了一项计划，通过医生办公室分销医用大麻,医疗服务办公室主任辛迪·克里普斯-普拉瓦克(Cindy Cripps-Prawak)在该部门提出一项通过医生办公室分销大麻的计划后离职,有人锅里倒大麻
Morgenthau说，2001年和2002年间，BeaconHill的40个账户中只有4个账户的电汇总额超过32亿美元,Morgenthau说，2001年至2002年，在BeaconHill开设的40个账户中，有4个账户的电汇总额超过32亿美元,检察官说2001年2002年公司40账户中4账户电汇总额超过32亿美元
该法案规定，堕胎的妇女不能被起诉,根据该法案，不能对堕胎的妇女提出起诉,反对堕胎人不希望妇女选择堕胎
施瓦辛格在与国会共和党人会晤后说：“我来华盛顿基本上是为了建立关系，并确保我们得到更多的联邦资金给加州。,“我来华盛顿基本上是为了建立关系，并确保我们得到更多的联邦资金，”施瓦辛格在一次会议后说,新法律图书馆学校过滤器联邦资金
与这场狂欢有关的另一起枪击事件发生在11月11日，地点在奥贝茨的汉密尔顿中央小学，距离高速公路大约两英里,与这场狂欢有关的最新一起枪击事件是11月11日发生在奥贝茨的汉密尔顿镇小学的枪击案，该校距离高速公路约两英里,医生计划11月14日提前两周分娩
周二，中国央行按预期保持利率稳定，但同时宣布，总体风险趋于疲软，并警告通缩风险,正如人们普遍预期的那样，央行的政策委员会暂时保持利率不变，但宣布总体风险趋于疲软，这令市场感到意外,安南警告叙利亚会谈面临风险
这些官员没有说明美国部队是否进入叙利亚领土，也没有说明叙利亚边防部队是如何介入的,美国官员没有说明，根据情报采取行动的美国军队是否进入了叙利亚领土，并对叙利亚警卫是如何介入的含糊其辞,叙利亚部队发动阿勒颇袭击
她说，德鲁斯目前仍被关在监狱里，目前处于隔离状态,德鲁斯昨晚被单独关押在同一所监狱里,6800人隔离数千名医护人员工作隔离
Palm周三宣布了收购HandSpring的计划，该公司由杰夫·霍金斯(JeffHawkins)创办，被许多人视为Palm掌上电脑的父亲,Palm周三表示，计划收购叛逆者Palm联合创始人杰夫·霍金斯(JeffHawkins)创建的HandSpring公司,MediaQ客户包括手持设备制造商三菱西门子Palm夏普飞利浦戴尔索尼
在棉兰老岛发生包括三起爆炸事件在内的一系列袭击事件后，政府最近搁置了与由马来西亚斡旋的摩洛伊斯兰解放阵线(MILF)的和谈,在一系列针对棉兰老岛的袭击(包括三起致命的爆炸)后，马来西亚政府最近搁置了由邻国马来西亚促成的和谈，并将此事归咎于摩洛伊斯兰解放阵线(MILF),伊拉克迪亚拉发生三起汽车爆炸事件至少13人死亡
工会还没有透露哪一条链将成为攻击目标,工会表示，它将在晚些时候公布哪一条连锁店将成为攻击目标,连续三年未能国家目标学校提供转学外还提供辅导
土耳其当局说，所有的自杀炸弹手都是土耳其人,安卡拉说，四名自杀式袭击者都是土耳其人,一名女性自杀炸弹手俄罗斯车站炸死16人
从佛罗里达到阿拉斯加，成千上万的狂欢者发誓要争取更多的合法权利，包括同性婚姻,成千上万的狂欢者在庆祝这一决定时，发誓要争取更多的合法权利，包括同性婚姻,新西兰同性婚姻不
此外，h2210的摇篮还有空间为第二个电池充电,h2200的底座具有为第二电池充电的空间,电能都来自电池
霍华德说：“执法机构与情报机构的紧密合作，是目前反恐斗争的核心。,他说，区域执法机构和情报部门之间的密切合作是打击恐怖主义的核心,等待变得更紧密
这位母亲还在诉讼中声称，她受到其中一名看守的性侵犯,该名母亲还声称，在1998年的对抗中，她遭到其中一名看守的性侵犯,律师发表一份声明中哈德利说诉讼感到非常高兴
周日，一场热带风暴在墨西哥湾迅速发展，预计将在周一晚上袭击德克萨斯州或路易斯安那州海岸的某个地方,周日，一场热带风暴在墨西哥湾迅速发展，当它在周一晚上袭击路易斯安那州海岸的某个地方时，可能会有飓风风力,热带风暴凯伦袭击美国墨西哥湾沿岸
脑膜炎是一种脊髓液体和大脑周围组织的感染,脑膜炎是一种液体的感染，在一个人的脊髓和周围的大脑,进化一种观点一种信仰
驻伦敦的NCRI官员阿里·萨法维(AliSafavi)对路透社表示：“我们谴责这次袭击，我们认为这是非法的，在道义上和政治上都是不合理的。,总部位于伦敦的NCRI官员阿里·萨法维(AliSafavi)在电话中对路透社表示：“我们谴责这次袭击，我们认为这是非法的，在道义上和政治上都是不合理的。,巴基斯坦谴责美国无人机袭击
联邦贸易委员会(FTC)今天要求国会给予更多的权力来打击不想要的互联网垃圾邮件，这些垃圾邮件现在占所有电子邮件流量的一半,联邦贸易委员会(FederalTradeCommission)昨日要求国会授予更广泛的权力，以应对迅速增长的垃圾邮件问题。新的研究显示，垃圾邮件占所有电子邮件流量的一半,不想要一个在乎总统
一直反对这些行动的人现在正试图找到新的理由来说这不是正确的做法。,“这里发生的情况是，一直反对这一行动的人正试图找到新的理由，解释为什么这不是正确的做法。,找到证据
世界排名第二的莱顿·休伊特指控网球专业人员协会(AssociationofTennisProfessionals)怀有恶意，包括去年被指控试图欺骗他拒绝药物测试,世界排名第二的莱顿·休伊特指责他的职业同龄人长期怀有恶意，包括去年试图欺骗他拒绝药物测试,加拿大火车阴谋嫌疑人拒绝指控
在这件事上，我承认我的行为不当。,“我承认我的行为不当，”他说,美国承认叙利亚反对派
发言人说：“自十一月起，我们已与警方通力合作,它补充说，自去年11月以来，它一直与警方“充分合作”,说5月初该市已收到1400份报告
墨尔本的研究人员认为，在怀孕期间吃土豆和其他块茎蔬菜的妇女可能会在她们的孩子身上引发1型糖尿病,澳大利亚研究人员认为，他们已经发现了儿童患1型糖尿病的诱因-他们的母亲在怀孕期间吃土豆和其他块茎类蔬菜,一个女人剥块茎
女主角点头由精力充沛的新晋演员玛丽莎·杰瑞特·维诺库饰演埃德娜的女儿特蕾西,Marissa Jaret Winokur饰演Tracy，获得音乐剧最佳女主角奖,幸存四个孩子儿子安东尼凯利女儿琳达·霍普诺拉·萨默斯四个孙子
伯克说：“从我们的初步报告来看，考虑到当时的情况，这是一次教科书上的着陆。,伯克说：“考虑到当时的情况，这是一次教科书上的着陆。,俄罗斯初步批准禁止收养
调查委员会成员史蒂文·华莱士(Steven Wallace)表示：“这是一个长期存在的问题，尚未得到解决。,董事会成员史蒂文·华莱士(Steven Wallace)表示：“这是一个长期存在的问题，无论是在机械上还是在物理上都没有得到解决。,哥伦比亚事故调查委员会一名成员哈伯德说这使更接近说泡沫损害
里奇说，演习中不会使用真正的炸药或有害装置,里奇说，不会使用实际的炸药或其他有害物质,土耳其军队叙利亚边境坦克演习
大赦国际说，在过去20年里，它已经收集了大约17，000起伊拉克失踪案件的信息，但实际数字可能要高得多,大赦国际说，在过去20年里，它收集了大约17，000起伊拉克失踪案件的资料,大赦国际报告反对武装暴力世界欧洲国际非政府组织编写
在一个古老的异教徒和现代基督教仪式的混合中，村民们举行了一系列的仪式，希望消除他们认为使他们贫穷的不幸,在一个古老的美拉尼西亚异教徒和现代基督教仪式的混合中，人们再次试图消除他们认为自那次很久以前的那顿饭以来他们一直贫穷的不幸,人群政要聚集曼德拉纪念仪式
苹果电脑(AppleComputer)周一表示，其新的在线音乐服务在运营的第一周就售出了100多万首歌曲,苹果计算机公司该公司周一表示，自一周前推出在线音乐商店以来，它的销量超过了唱片行业的预期，销售了100多万首歌曲,一台苹果电脑放在地板上
甲骨文公司(OracleCorp)董事长兼首席执行官拉里·埃里森(LarryEllison)不排除对甲骨文主动提出的收购竞争对手PeopleSoft(PeopleSoft Inc.)的好意,甲骨文(Oracle)董事长拉里·埃里森(LarryEllison)暗示，该公司可能再次提高对竞争对手仁科(PeopleSoft)的报价,PeopleSoft董事会建议股东拒绝这一提议
不过，美林(MerrillLynch)分析师史蒂文·米卢诺维奇(StevenMilunovich)表示，这一“有点模棱两可的裁决”可能是静态控制公司的一个挫折，这取决于该公司如何开发其竞争产品,但美林(MerrillLynch)分析师史蒂文·米卢诺维奇(StevenMilunovich)表示，监管机构做出的“有点含糊的裁决”可能是静态控制的一个挫折，这取决于该公司如何开发其竞争产品,首席营销官监督商品购买开发公司商品销售方向基本上公司代表
猴子可以通过观看视频屏幕上手臂和它的动作的示意图来跟踪它们的进展,这只手臂被放在一个单独的房间里，但猴子们可以通过观看视频屏幕上的手臂和它的动作来跟踪它们的进展,马丁说跟踪
这引发了警方长达47小时的对峙，给成千上万的通勤者带来了不便，华盛顿市中心和弗吉尼亚州北部的交通拥堵,他的抗议导致了与警方长达47小时的对峙，造成华盛顿市中心和弗吉尼亚州北部的巨大交通堵塞,警方美国家中设置路障持枪歹徒对峙4人死亡
标准普尔500指数(Standard&Poor‘s500)上涨6.48点，至990.51点，涨幅0.7%,标准普尔500指数.SPX收涨6.48点，或0.66%，报990.51,标准普尔500指数Standard&Poor‘s500上涨15.66点1046.79点创下10月1日涨幅指数上涨22.25点
使局势更加复杂的是，在双方都在战斗的久经沙场的利比里亚人的存在,战斗在西部零星地继续进行，在那里，双方都有久经沙场的利比里亚人，这使战斗变得更加复杂,进一步加剧局势
医生们推测，人体自身的雌激素可以保护细胞免受损伤，并改善血液流动,他们的观点是基于雌激素可以防止细胞损伤和改善血液流动的推测,一群细胞
思科高管表示，他们对13亿美元的现金流和净利润的增加感到鼓舞，但希望能出现反弹,思科高管对13亿美元的现金流和净利润的增长感到鼓舞，但表示他们对经济反弹仍持“谨慎乐观”态度,希望没事
在发给“诺克斯维尔新闻哨兵”的一份电子邮件声明中，舒马克说，“我不会考虑辞职。,我不会考虑辞职，“舒马克在一份声明中说,律师发表一份声明中哈德利说诉讼感到非常高兴
当不知情的计算机用户打开包含“谢谢！”、“Re：Details”或“Re：That Movie”等常见标题的电子邮件中的文件附件时，Sobig.F会传播,当不知情的计算机用户打开包含熟悉标题(如“谢谢！”)的电子邮件中的文件附件时，病毒就会传播。和“回复：细节”,漏洞打开文档时Microsoft Visual Basic  Applications检查传递文档属性方式中
除了芯片制造商英特尔，这些公司还包括索尼公司(SonyCorp.)、微软公司(MicrosoftCorp.)、惠普公司(Hewlett-PackardCo.)、IBM公司、网关公司(Gateway Inc.)。和诺基亚公司,与芯片制造商英特尔一样，这些公司包括索尼、微软、惠普、国际商业机器公司、Gateway、诺基亚和其他公司,BAE系统公司英国国防公司
格里菲斯，一个土生土长的艾利山人，现在住在北卡罗来纳州的曼特奥海岸,格里菲斯，77岁，在Airy山长大，现在住在Manteo,海岸停靠游轮
美国大型企业联合会(ConferenceBoard)公布的美国消费者信心指数从5月份的83.6降至6月份的83.5,会议委员会表示，6月份消费者信心指数为83.5，略低于5月份修订后的83.6,美国劳工部分析师美国8月份失业率略有改善6.2%降至6.1%
他还招募其他人参与该计划，说服他们接受他为自己订购的以欺诈手段获得的商品,他还招募了其他人来接收他订购的以欺诈手段获得的商品,亚马逊还报道称纽约总检察长办公室已一名欺诈达成民事欺诈指控
作为回应，阿尔伯森斯和克罗格的拉尔夫连锁公司将他们的工人拒之门外,克罗格的拉夫斯连锁店和阿尔伯森公司立即将他们的食品杂货工人拒之门外，以示团结,俄罗斯回应乌克兰停火
奈特同意了一份为期两年、价值238万美元的合同，其中包括30万美元的签约奖金,ESPN报道称，Knight的两年期交易价值238万美元，包括30万美元的签约奖金,损害赔偿包括2 400万美元补偿性损害赔偿5 200万美元惩罚性损害赔偿
这一过程一般在妊娠中期或晚期进行,这项技术在怀孕的第二个月使用，有时在怀孕的最后三个月使用,很难高估远程过程调用RPC漏洞潜在危险
这位说唱歌手的律师马克·江恩没有回复记者的置评电话,这位27岁的说唱歌手在民事案件中的律师马克·江恩没有回复记者的置评电话,迈克尔·卡拉斯律师S记者未能德希隆请置评
还有消息称，通用汽车(GeneralMotorsGM.N)计划发行100亿美元债务，部分是为了填补其养老金计划中的一个漏洞，这也给市场带来了压力,通用汽车(GeneralMotorsGM.N)将发行100亿美元的债务，部分是为了填补其养老金计划中的一个漏洞，这一消息也给通用汽车带来了损失,克里40亿美元巴勒斯坦经济计划奏效
然而，许可收入下滑了21%，至1.076亿美元,作为衡量需求的一个关键指标，许可证销售下降了21%，至1.076亿美元,1月6月消费集团创造44.7亿美元利润200亿美元收入占花旗集团利润收入53%
该设施全面投入运行后，预计将雇用多达1 000人,该公司表示，工厂建成后将雇佣1000名员工,都漏洞运行Service Pack 34Windows 2000系统
在搜查Ragin的地址时，探员们发现了1000多张信用卡和信用卡复制机,当Ragin的地址被搜查时，当局发现了1000多张信用卡和复印机,俄罗斯飞机印度尼西亚坠毁时发现12具尸体
无线网络设备将于今年夏天在英国的音乐节上亮相,世界上第一个门户厕所很快就会在英国的夏季音乐节上推出,办公桌上三台电脑显示器设备家庭办公室
西澳一项里程碑式的研究发现，喝茶，尤其是绿茶，可以极大地降低患前列腺癌的风险,澳大利亚研究人员的一项研究发现，喝绿茶可以极大地降低男性患前列腺癌的风险,研究人员发现北极海冰每十年9%速度消失
天气预报员说，周四晚些时候，古巴可能会收到警告,周四晚些时候，可能会向古巴东部发出手表或警告,电视天气预报员弗雷德·塔尔博特因性指控被捕
新泽西州加洛韦镇安妮卡·索伦斯塔姆吸引了大批观众，米歇尔·韦获得了公众关注，但安吉拉·斯坦福获得了她的第一次LPGA胜利,安妮卡·索伦斯塔姆(Annika Sorenstam)和米歇尔·韦(MichelleWie)吸引了人群，但安吉拉·斯坦福(Angela Stanford)赢得了LPGA的第一场胜利,安妮卡·索伦斯塔姆AnnikaSorenstam本周麦当劳LPGA锦标赛上首次机会测试这一目标
这项新政策对学生的成绩、考试成绩和高中课程给予了最大的重视,学业成绩-包括成绩、考试成绩和高中课程-被列为最高优先,上周律师华纳导致新量刑听证会条件下给予宽大处理
据安全分析人士说，新版本的W32/Sobig.C-mm在周一之前已经达到了“高水平”的爆发状态,安全分析人士说，新版本的W32/Sobig.C-mm在周一下午已经达到了“高水平”的爆发状态,缅甸活动人士说放松制裁速度要慢
AFTRA成员以75.88%对24.12%的投票赞成合并,另一方面，AFTRA以高达75%的支持率批准了合并,赞成堕胎人强迫任何人堕胎
虽然非洲其他一些地区被用作恐怖组织的集结地，但马拉维以前并不是对基地组织进行调查的主要重点,虽然非洲的其他一些地区被用作基地组织的集结地，但马拉维以前并不是对该组织进行调查的主要重点,伊朗人声称抓获基地组织步骤
威尔斯的其他系列包括NBC的“ER”和“Third Watch”,威尔斯的其他剧集包括NBC的“ER”和“Third Watch”,索尼Xperia Z2诺基亚科特迪瓦X系列推出
共和党人曾承诺在8月前完成一项医疗保险(Medicare)药物计划，然后将最后期限延长至10月17日，他们仍在进行这项工作,共和党人曾承诺在8月前完成一项医疗保险(Medicare)药物计划，然后将其延长至10月17日,报纸上说2013年10月10日
布什计划星期三在约旦的亚喀巴港会见以色列总理沙龙和巴勒斯坦新总理阿巴斯,下周三，布什将在约旦亚喀巴会见以色列总理沙龙和巴勒斯坦新领导人阿巴斯,巴勒斯坦总理法耶兹辞职
“如果你通过这项法案，老大哥就会盯着你，”韦科大学的众议员约翰·马布里(John Mabry)说,“如果你通过这项法案，”韦科民主党众议员小约翰·马布里(John Mabry Jr.)对同事们说，“老大哥会盯着你的。,警方一份声明64岁牧师约翰·约翰斯顿John Johnston被控电话案件中骚扰被控持有武器
几个州和联邦政府后来通过了类似或更严格的禁令,在加州的领导下，几个州和联邦政府通过了类似或更严厉的禁令,航空公司说休斯顿飞机上类似发现
不过，他指出，迈阿密必须决定是否在6月30日之前争取下一学年的行政协调会成员资格，以遵守“大东方”的指导方针,不过，他指出，迈阿密必须决定是否在6月30日前申请成为美国空调公司的成员，以遵守“大东方”的准则,截至6月30日12月期间家庭企业安装高铁线路增加45%
“绿巨人”(The Hulk)的收入远低于上个月改编的漫威漫画(X2：X-Men United)的收入，该片首周末票房8，560万美元,“绿巨人”紧随上个月改编的漫威漫画“X战警联合”(X2：X-Men United)，首周票房8，560万美元,额外保费收入很高
争取民主变革运动呼吁罢工，迫使穆加贝要么辞职，要么谈判解决津巴布韦危机,争取民主变革运动呼吁举行为期一周的抗议活动，敦促穆加贝要么辞职，要么通过谈判解决困扰该国的危机,叙利亚人解决叙利亚危机
她只有一个条件，那就是这本书直到她死后才能出版,不过，她坚持要在她死后才发表这本书,孩子抹去后多长时间才能回到学校
但是，根据联邦的“不让一个孩子掉队”法案，各个小组的学生表现不佳，这就给该州贴上了“不让孩子掉队”的标签,但是，在种族等不同分组的学生表现不佳，将该州推上了联邦“不让一个孩子掉队法案”下的需要改进名单,孩子蹦床上跳
AirTran的官员和波音公司的一名官员昨日拒绝置评,波音公司发言人翠西·约克拒绝就这笔交易置评,米尔斯昨日拒绝置评称从未讨论人事
诉讼的名字是雪莱，一个民主党人，以及洛杉矶、奥兰治和圣地亚哥三个县的登记员,诉讼中称国务卿凯文·雪莱(KevinShelley)是民主党人，以及洛杉矶、奥兰治和圣迭戈三个县的选民登记员,前洛杉矶警署官员欧文遇害
这起案件来自伊利诺伊州，涉及一家名为“电话营销联营公司”的营利性公司,周一，案件的判决围绕伊利诺伊州的一家筹款机构电话营销协会(TelelMarketingAssociates)做出,敦促渴望这项服务美国人耐心这项服务旨在阻止约80%电话营销电话
他敦促国会“尽快把最后的法案寄给我，这样我就可以把它签署成为法律了。,他说：“我敦促国会尽快解决任何分歧，并尽快向我提交最后的法案，以便我能够将其签署成为法律。,华盛顿国会法案售价980万美元
Yee是1990年毕业于纽约西点军校的,Yee在美国长大，毕业于美国西点军校,欧洲常规武装力量条约成立1990年
董事长兼首席执行官詹姆斯·罗尔(JamesRohr)在一份声明中表示，“PNC对参与交易感到遗憾”,PNC董事长兼首席执行官詹姆斯·罗尔(JamesRohr)表示，PNC对这一事件感到遗憾,NatSemi首席执行官布莱恩·哈拉BrianHalla声称这笔交易两家公司都意义
警方说，枪击受害者被送往金斯县医院中心，随后在那里死亡,受害人身份不明，被送往金斯县医院，在那里被宣布死亡,南非曼德拉送往医院
“这是向武装部队交付导弹之前的最后一次测试,国家电台说，这是导弹交付给武装部队之前的最后一次试验,美国拥有枪支测试
由于欧元兑日圆升值，美元兑日圆JPY=升至117.24日圆，远高于隔夜低点116日圆,欧元兑日圆上扬，以及日本干预的猜测推动美元兑日圆走强至117.25日圆，远高于周四触及的10个月低点116日圆,美元兑日圆JPY升0.1%报117.85日圆
上周六尤科斯石油(Yukos Oil)首席执行官米哈伊尔·霍多尔科夫斯基(Mikhail Khodorkovsky)因欺诈和逃税被逮捕后，俄罗斯股市下跌,上周末，俄罗斯首富、石油巨头尤科斯(Yukos)首席执行官米哈伊尔·霍多尔科夫斯基(Mikhail Khodorkovsky)因欺诈和逃税指控被捕，令金融市场感到不安,起诉书中提到前首席执行官保罗·A·莱尔Paul AAllaireG·理查德·托曼GRichard Thoman前首席财务官巴里·D·罗梅里尔
他解释说，他在2001年来到Wits时，在英国布里斯托尔大学(UniversityofBristol)担任博士后研究助理，发现了Antetonitrus,他解释说，当他在英国布里斯托尔大学(Bristol University)做博士后研究助理时，2001年来到威茨(Wits)时，他发现了安泰尼特罗斯(Antetonitrus),约翰斯顿2001年担任总统期间580万美元工资奖金一名兼职顾问2002年100万美元收入
加拿大航空公司(AirCanada)是加拿大最大的航空公司，也是世界上排名第11的航空公司。自4月1日以来，该公司一直受到法院的保护，不受债权人的保护,加拿大航空公司是世界上第11家航空公司，自4月1日以来一直受到法院的保护，不受债权人的伤害,ė保护中国利益保护外国企业利益
陪审团还认定冈萨雷斯犯有过度使用武力罪，他用胡椒喷雾浇了奥维拉-卡雷拉(Olvera-Carrera),冈萨雷斯因向奥尔维拉喷洒胡椒喷雾剂而过度使用武力而被判有罪,被告指控犯有国际贩毒罪
加纳说，自封的巴格达市长穆赫森·祖拜迪(MohammedMohsenal-Zubaidi)在联军关押两天后获释,加纳说，4月底，自称是巴格达市长的穆罕默德·穆赫森·祖拜迪在被拘留48小时后获释,明星詹姆斯·加纳致敬
支付1，219美元入场费的客户将获得带有10个设备客户端访问许可证的SMS 2003,具有10个设备客户端访问许可证的SMS 2003零售价为1，219美元,老年人不得不支付50%药费可达3450美元
ONA明确表示，它没有收到情报材料，表明伊斯兰祈祷团恐怖网络计划在巴厘开展行动,“但ONA从未收到情报材料显示伊斯兰祈祷团(Jemaah Islamiyah)计划在巴厘岛开展行动。,怀疑伊斯兰祈祷团Jemaah Islamiyah关键人物恐怖组织基地组织alQa‘eda关联爆炸罪魁祸首
内政部长纳伊夫亲王否认了这些报道,然而，沙特内政部长纳伊夫亲王(Prince Nayef)否认了这些报道,英国菲利普亲王住院
里基·克莱蒙斯(RickyClemons)的短暂而麻烦的密苏里州篮球生涯结束了,密苏里州将里基·克莱蒙斯踢出了球队，结束了他在那里陷入困境的职业生涯,篮球运动员持球
麦当劳股价上涨1.83美元，涨幅8.3%，收于当日高点23.89美元,麦当劳股价周五在纽约证券交易所上涨1.83美元，收于23.89美元,EchoStar股票周二收于32.17美元52周高点上涨1.54美元
他说，FDA希望国会和法院能够澄清这一情况，并为消费者提供一些经济上的救济,他说，FDA希望国会和法院能够澄清这一情况，并为消费者提供一些经济救济-可能是在2004年选举之前,奥巴马敦促国会经济采取行动
安永(Ernst&Young)承认，在和解协议方面没有不当行为,安永(Ernst&Young)发言人肯尼斯·凯里根(Kenneth Kerrigan)表示，该公司不承认有不当行为,巴勒斯坦和解影响
州警方说，车库倒塌后，多达30名工人立即被困,该州警方说，据信最初有多达30人被困在里面,印度建筑倒塌25人害怕被困
OS ANGELES-“绿巨人”(The Hulk)在上映首个周末的票房大获成功，在6月份创下了6，260万美元的首映纪录,“绿巨人”获得了6，260万美元的票房收入，这是一部巨大的首映式，也是六月份创下的新纪录,复仇者联盟创下票房纪录
它还将使微软有机会评论委员会提出的补救办法,除其他事项外，微软将在回应中就拟议的补救措施发表评论,寻找罗宾汉补救办法运动执行主任迈克尔·雷贝尔MichaelReBell说
背负着飞涨的房主保费负担的得克萨斯人可能最终会得到缓解,对于那些背负着飞涨的房主保险费的得克萨斯州人来说，救援就在望了,收取额外保费
哈里伯顿周二重申，KBR“以最好的价格、最好的价格和最优惠的条件向伊拉克交付了燃料”,哈里伯顿公司发言人温迪·霍尔说：“我们相信KBR以最好的价格、最好的价格和最优惠的条件向伊拉克提供燃料。,每首歌价格99美分一张专辑价格9.99美元
克里夫兰骑士赢得了选秀詹姆斯的权利，赢得了周四晚上的年度彩票,周四晚上，当克里夫兰骑士赢得“勒布朗·詹姆斯彩票”，也就是众所周知的选秀彩票时，就是这样的情况,法国社会党赢得议会胜利
欧元兑美元EUR=自上周创下约1.1935美元的纪录高点，并于5月底触及140.90日圆的历史高位后，已累计下跌近4%,欧元兑美元EUR=自上周触及近1.1935美元的创纪录高点，并在5月下旬触及140.90日圆的创纪录高位以来，已累计下跌4美分,亚洲市场欧元兑美元汇率飙升1.1914美元随后欧洲股市开盘欧元兑美元汇率小幅回落1.1895美元
使用“曝光”功能，所有打开的窗口都会收缩以适合屏幕，但仍然足够清晰，可以识别,有了Expose(ex-poh-say)功能，桌面上所有打开的窗口都会立即缩小，以适合屏幕，但仍然足够清晰，可以识别,住好处足够空间
41岁的部长吉姆·沃尔夫卡莱(JimWolfcale)说：“这个案子既有精神上的挑战，也有情感上的疲惫。,陪审团领班兼部长吉姆·沃尔夫卡莱(JimWolfcale)说，“这个案子既有精神上的挑战，也有情感上的疲惫。,说法律意义上人
100多名警察参与了这次破获行动，这是一项为期两年的行动的结果，该行动对可卡因进口和洗钱团伙进行了调查,在为期两年的调查可卡因和洗钱团伙的行动的最后阶段，100多名警察发起了伦敦突袭行动,丹斯说团伙非法活动包括敲诈勒索武器走私走私香烟洗钱
但在15岁时，她体重达到260磅，这是一个艰难的决定：是时候做手术了,但在15岁时，她的体重高达117公斤，做出了一个艰难的决定：是做手术的时候了,10月10日家里带走时男孩体重都不到50磅
该公司首席执行长福勒(MarceFuller)表示：“我们强烈倾向于在庭外实现财务重组，我们仍然希望能够做到这一点。,“我们强烈希望在法庭外实现财务重组，”Mirant首席执行官MarceFuller周五早间在一份事先准备好的声明中表示,看涨债券人士希望美联储风险倾向经济疲软
32岁的查拉·拉金斯(Chera Larkins)来自曼哈顿，被控三次假结婚，还被控作伪证和提交虚假文书,32岁的查拉·拉金斯(Chera Larkins)来自曼哈顿，她被控在三份婚姻申请中作伪证，并提交了一份虚假文书,警方一份声明64岁牧师约翰·约翰斯顿John Johnston被控电话案件中骚扰被控持有武器
参议院银行委员会(SenateBankingCommittee)定于周二举行听证会，唐纳森将在听证会上就对冲基金和共同基金作证,参议院银行委员会(SenateBankingCommittee)定于周二举行听证会，届时唐纳森将接受有关对冲基金和共同基金的质询,参议院司法委员会SenateJudicialCommittee周二克服设立信托基金支付石棉暴露受害者费用斗争中一个障碍最困难障碍依然
他说，新的服务器将运行Linux或x86版本的Solaris,服务器可以运行Solaris x86操作系统或标准Linux操作系统,鲍尔默曾大声疾呼警告说Linux微软威胁
我要去球场，我相信我能做到这一点，只有我打出了我最好的网球,“我相信我有信心做到这一点，但只有在这种情况下，我会打出我最好的网球,世界杯因新球场死亡
他说，狗在医学理解和研究的彻底性方面仅次于人类,他说，狗是仅次于人类的医学研究对象,阿尔及利亚总统法国医学测试
飞船最早将于明天或周五从位于戈壁沙漠的酒泉发射场发射升空,该航天器定于下周三至周五从戈壁沙漠发射场发射升空,炸弹沙漠中爆炸
印第安纳州和伊利诺伊州至少还有11起和3起疑似病例,伊利诺斯州至少有3例疑似病例，印第安纳州有11例,多伦多昨天发生64例SARS疑似病例9例疑似病例
这种药丸，他们称之为“息肉”，将含有阿司匹林，一种降胆固醇药物，三种降血压药物的一半标准剂量和叶酸,这种息肉的成分包括阿司匹林，一种降胆固醇的他汀类药物，三种减压剂，以及叶酸,一半妇女服用药物另一半妇女服用安慰剂
周日，他说：“当人们在500米外被杀时，他们开着车到处走。,“他们现在所做的就是开着他们的车到处走，而500米以外的地方却有人被杀。,七名绑匪尼日利亚南部杀
莫里亚蒂想，他随时都会被扫地出门，要不然就会死于寒冷,莫里亚蒂从堤坝的顶端想，“他随时都会被刮倒，否则就会死于寒冷。,活着会流产
Kedo发言人RolandTricot说：“执行理事会决定将这个问题提交各国首都,韩国能源发展组织表示：“执行委员会决定将此事提交各国首都。,阿布贾首都
然而，包括强大的CGT在内的其他工会仍然反对这项改革，并要求政府开始与他们进行新的谈判,然而，强大的CGT和其他工会仍然反对这些计划，并要求政府与他们重新谈判改革,土耳其动乱工会呼吁罢工反对警察镇压
墨西哥希望保障公民的安全,墨西哥希望避免更多的暴力,政府监视公民没关系
西班牙目前担任欧安组织轮值主席,西班牙目前担任欧安组织主席,欧安组织讨论延长欧安组织驻科索沃特派团可能性
该条约于1990年首次签署,“欧洲常规武装力量条约”于1990年签署,协议最初1990年签署
调查人员声称这家英国公司是中情局的卧底,俄罗斯调查人员称，这家英国公司是中情局的卧底,查韦斯说调查人员至少火灾这方面解决
美国政府和其他北约成员国拒绝批准修改后的条约，直到莫斯科的官员从前苏维埃共和国摩尔多瓦和格鲁吉亚撤军,在俄罗斯完全撤出摩尔多瓦和格鲁吉亚之前，美国和其他北约成员国拒绝批准修正后的条约,俄罗斯批准修正后版本俄罗斯政府从前苏维埃共和国摩尔多瓦格鲁吉亚撤军美国北约成员国拒绝做
上周晚些时候俄罗斯对格鲁吉亚发动军事打击后，格鲁吉亚政府网站受到了猛烈的网络攻击,上周晚些时候，俄罗斯对格鲁吉亚发动了军事打击,茨欣瓦利格鲁吉亚首都
有报道称，叙利亚政府在被袭击地点隐藏了一个核设施,联合国专家们已经开始分析有关叙利亚政府在遇袭地点隐藏一个核设施的报道,伊朗称发现核设施破坏
结束小武器和轻武器非法贸易的国家、区域和国际努力,国际社会必须合作制止小武器和轻武器的非法贸易,肯尼亚非法武器贩运有所增加关切
尽管激进组织被禁止，宗教极端主义在巴基斯坦仍在继续,尽管巴基斯坦政府禁止激进组织，但宗教极端主义在巴基斯坦继续存在,印度巴基斯坦仍未条约
俄罗斯总统普京签署法令，暂停俄罗斯实施欧洲军备控制条约,俄罗斯总统弗拉基米尔·普京(Vladimir Putin)签署了一项法令，暂停俄罗斯加入“欧洲常规武装力量条约”,一项欧洲军备控制条约
缅甸以前被称为缅甸,缅甸以前被称为缅甸,缅甸一个军事国家
缅甸的侵犯人权行为包括即决处决、酷刑和招募儿童兵,这些侵犯人权的行为包括即决处决、酷刑和招募儿童,印尼军队指控印尼人民解放军独立中侵犯人权印尼军方指责分离主义分子侵犯人权否认指控
阿纳托利·索科洛夫宣布，苏联在莫斯科周围建造的a-135导弹防御系统已经过时，效率低下,苏联在莫斯科周围建造的a-135导弹防御系统已经过时，效率低下,俄罗斯政府反对美国计划欧洲安装反导防御系统解散美国声称拦截器用来防御来自伊朗威胁
法国能源和运输公司阿尔斯通可能签署一项合同，在北京和上海之间建造一条高速铁路,阿尔斯通可能会签署一份合同，在北京和上海之间建造一条高速铁路,北京航空母舰南海返回
俄罗斯在2004年批准了更新后的条约，但美国和其他北约成员国拒绝这样做，辩称莫斯科必须首先履行从格鲁吉亚和摩尔多瓦分裂的德涅斯特地区撤出军队的义务,俄罗斯已经批准了修正后的版本，但在俄罗斯政府从前苏维埃共和国摩尔多瓦和格鲁吉亚撤军之前，美国和其他北约成员国一直拒绝这样做,俄罗斯批准修正后版本俄罗斯政府从前苏维埃共和国摩尔多瓦格鲁吉亚撤军美国北约成员国拒绝做
赫尔曼德省是世界上最大的鸦片产区,赫尔曼德省是世界上最大的鸦片生产国,赫尔曼德省世界上鸦片生产国
由于高度的有组织犯罪和贩毒，墨西哥总统费利佩·卡尔德龙向锡那罗亚派遣了2800名特务和士兵,墨西哥总统卡尔德龙向锡那罗亚派遣了2800名特工和士兵，以打击贩毒活动,帮派中犯罪犯罪
伊朗坚持认为，这一计划的目的完全是为了和平的追求，例,伊朗坚称其核计划是为了和平目的,伊朗坚称核计划和平目的
该条约在苏联解体后于1999年修订,该条约于1999年修订，以反映苏联解体以来的变化,核不扩散条约5年审查
克什米尔分为印度和巴基斯坦,印度和巴基斯坦都声称对克什米尔拥有主权,印度军队印控克什米尔击毙激进分子指挥官
中国将坚决反对大规模杀伤性武器的运载工具,中国一贯反对大规模杀伤性武器扩散,南朝鲜以色列反对大规模毁灭性武器扩散军备竞赛
朝鲜宣称拥有核野心，据报道，目前朝鲜拥有瞄准日本的导弹,朝鲜一直在吹嘘自己的核野心，据报道，朝鲜现在已经对导弹进行了训练,朝鲜发射短程导弹
美国政府指责伊朗政府试图在民用核项目的掩护下发展核武器,美国和盟国指责伊朗试图打着民用核计划的幌子发展核武器,伊朗核项目和平目的
中国将坚决反对大规模杀伤性武器的扩散,中国将坚决反对大规模杀伤性武器的运载工具,南朝鲜以色列反对大规模毁灭性武器扩散军备竞赛
利比亚外长阿卜杜勒·拉赫曼·沙尔加姆(Abdel Rahman Shalgam)自1969年以来首次访问伦敦,沙尔加姆对伦敦的访问是利比亚外长自1969年以来首次访问伦敦,英国央行Bank Of England保罗·塔克Paul TuckerLibor Mess玷污
活动人士称，俄罗斯在没有非法活动证据的情况下监禁了一些人,俄罗斯在没有非法活动证据的情况下监禁了一些人,俄罗斯联合国调查叙利亚化学武器情况
现有的燃料棒可以在6-8个月内生产出3-6枚原子弹,专家说，这些燃料棒可以在6-8个月内生产出3-6枚原子弹,秋明BP6石油生产装置5炼油厂2100加油站
缅甸政府表示，到2014年，缅甸将成为无鸦片国家,缅甸政府表示，缅甸有望在2014年之前实现无毒品,美国最新消息缅甸世界上非法鸦片生产国国务院缉毒报告
2008年4月，犹太裔美国人团体反诽谤联盟(ADL)在瑞士和国际报纸上刊登了整页广告，指责瑞士通过这项交易资助恐怖主义,2008年4月初，反诽谤联盟在瑞士和国际报纸上刊登了整版广告，指责瑞士通过该协议资助恐怖主义,10月4日伊朗报纸头条新闻
叙利亚否认拥有未申报的核计划,叙利亚否认存在未申报的核计划,不申报
伊朗政府表示，伊朗的核项目仍然是和平的,伊朗政府表示，核计划是和平的,美国欧洲国家伊朗核项目制造核武器
当俄罗斯在美国问题上与美国发生分歧时，俄罗斯曾多次威胁要退出欧洲常规武装力量。计划在东部地区安装导弹防御系,俄罗斯一再威胁退出欧洲常规武装力量，反对将美国导弹防御系统扩展到东欧的计划,欧洲常规武装力量条约俄罗斯美国欧洲关系负面影响几个
中国为解决朝鲜半岛核问题所作的努力受到了国际社会的赞扬,中国为解决朝鲜半岛核问题所做的努力尤其受到亚太国家的赞扬,安倍晋三敦促日本国际社会更强硬外交政策
章说，中国反对在不扩散的基础上限制无核武器国家和平利用核能，因为和平利用核能是“不扩散核武器条约”的一个重要目标,张彦表示，中国反对以防扩散为借口，限制和剥夺无核武器国家和平利用核能的权利,中国反对大规模杀伤性武器扩散
这项新法律试图消除任何阻碍建造更先进间谍卫星的法律障碍，并帮助日本航天工业的创新,新法的目的是消除任何阻碍建造更先进间谍卫星的法律障碍，并鼓励日本航天工业的创新,绑架者支持组织利用这项调查迫使议会新法律
该条约限制了欧洲各地的飞机、坦克和其他无核武器重型武器的数量,“欧洲常规武装力量条约”限制了欧洲军用飞机、坦克和其他无核武器重型武器的数量,条约1990年首次签署欧洲飞机坦克无核武器重型武器数量
国际战略研究所的防扩散专家马克菲茨帕特里克说，国际原子能机构的报告有着不同寻常的强烈基调,国际战略研究所高级研究员马克菲茨帕特里克说，国际原子能机构的计划是肤浅的,大赦国际报告欧洲国际非政府论坛汇编
“欧洲常规武装力量条约”对欧洲的安全具有非常重要的意义,欧洲常规武装力量是欧洲安全的基石,欧洲常规武装力量条约成立1990年
印度军队已经在克什米尔与叛军作战，现在正在进行一场大规模的行动，摧毁该地区的罂粟作物,已经与叛军作战的印度军队现在也在进行大规模的行动，摧毁克什米尔地区的罂粟作物,印度军队克什米尔控制线杀害巴基斯坦士兵
司法命令指控Raghad资助恐怖主义,法庭指控拉加德·萨达姆·侯赛因资助恐怖主义,伊瓜兰说拘留指控犯有杀人罪犯罪勾结罪绑架罪资助恐怖主义罪
伊朗官员在2007年增加了处决人数，因为伊朗官员实施了一场据称旨在促进道德和加强社会安全的运动,去年，在一场旨在改善社会安全的运动中，伊朗的处决人数增加了,伊朗近几个月明显增加处决人数伊朗官员实施一项旨在道德伊朗运动
“欧洲常规武装力量条约”被认为是一项重要的军备控制条约,“欧洲常规武装力量条约”是苏联时期军备控制的一项重要条约,一项欧洲军备控制条约
自2006年以来，墨西哥政府采取了一系列打击墨西哥境内贩毒和有组织犯罪的措施,自2006年以来，墨西哥采取了一系列打击贩毒和有组织犯罪的措施,帮派中犯罪犯罪
声明没有具体说明导弹能够携带的弹头数量,声明没有具体说明导弹可以携带多少弹头,导弹爆炸
俄罗斯总统弗拉基米尔·普京(Vladimir Putin)表示，停止执行“欧洲常规武装力量条约”的决定是对美国的回应。计划在东欧建立导弹防御基地，以及北约未能批准修正后的条约,俄罗斯总统弗拉基米尔·普京(Vladimir Putin)表示，这一决定是对美国的回应。计划在东欧建立导弹防御基地，以及北约未能批准修正后的条约,俄罗斯批准修正后条约
埃及和约旦签署了核不扩散条约，并一直呼吁中东无大规模毁灭性武器,叙利亚签署了核不扩散条约，并允许机构专家视察其唯一已知的核设施,布利克斯说加紧努力消除核武器大规模毁灭性武器
伊朗政府否认了这一指控，并坚称该核项目仅用于和平目的,伊朗坚称其核计划是为了和平目的,伊朗核项目和平目的
公共政策研究所的一份研究报告说，有27个弱小的国家对英国的国家安全构成威胁，因为这些国家可能为恐怖分子提供基地,该报告说，有27个弱小的国家对英国的国家安全构成威胁，因为这些国家可能为恐怖分子提供基地,INGO Kober说国家拥有国家更强知识产权
巴拉迪说，中东和平协议只有在消除该地区所有大规模杀伤性武器的安全协议的同时才能达成,巴拉迪说，以色列与其阿拉伯邻国必须在消除该地区所有大规模杀伤性武器的安全协议的同时达成和平协议,中国反对大规模杀伤性武器扩散
国际原子能协会是联合国的监督机构,国际原子能机构是联合国的核监督机构,国际原子能协会约旦已同意进一步措施
温说，这次德国之行的主要目的是促进贸易、经济和技术交流,温表示，他访问德国的目的是为了促进贸易、经济和技术交流,一个女孩手语交流
普京总统表示，俄罗斯将采取反措施,普京警告说，俄罗斯将采取报复行动,普京俄罗斯总统选举获胜
到目前为止，中国一直对美国要求中国拦截和搜查朝鲜船只的压力犹豫不决,中国表示，美国向中国施压，要求中国拦截和搜查朝鲜船只，可能引发军事冲突,中国朝鲜愤怒克服美国担忧
处于高度戒备状态的核武器系统增加了使用这些武器的风险，包括无意中造成灾难性后果,该决议说，高度戒备增加了使用这类武器的风险，无意或意外使用将产生灾难性后果,无意逮捕
桑托斯说，哥伦比亚警方在与被击毙的叛军领袖劳尔·雷耶斯一起发现的两台电脑中发现了证据,弗朗西斯科·桑托斯说，哥伦比亚警方在与劳尔·雷耶斯一起发现的两台电脑上找到了证据,几周后尸体绿河中发现
物理学家达尼洛夫因向中国出售太空技术机密信息而被判有罪,物理学家瓦伦丁·达尼洛夫(Valentin Danilov)因向中国出售太空技术机密信息而被判有罪,梵蒂冈泄密案中被判有罪男子
西门子在德国的一位发言人说，西门子正就出售钚处理设施一事开始与感兴趣的中国各方进行谈判，海因里希·冯·皮耶尔(Heinrich Von Pierer)表示,西门子在德国的一位发言人说，海因里希·冯·皮耶尔说，格哈德·施罗德原则上不反对出售钚处理设施,西门子德国一位发言人出售钚设施政治发表评论
越南是世界上毒品法律最严格的国家之一,越南的毒品法律是世界上最严格的法律之一,世界上最便宜汽车碰撞测试中表现
普京表示，如果西方国家拒绝批准修改后的条约，俄罗斯政府可以完全退出该条约,普京表示，如果西方国家拒绝批准修正后的条约，俄罗斯可以完全放弃该条约,俄罗斯批准修正后条约
俄罗斯批准了该条约的修订本,俄罗斯批准了修正后的条约,俄罗斯2004年批准更新后条约
巴拉迪是国际原子能机构的负责人,mohammed elbarade是国际原子能机构的总干事,维也纳国际原子能机构周一巴拉迪接受伊朗邀请尚未日期
网络攻击被认为是对军用和民用计算机网络日益增长的威胁,北约认为网络攻击对军事和民用计算机网络构成越来越大的威胁,民主自由威胁
总部位于利雅得的纳伊夫阿拉伯安全科学研究院在一份声明中说，它正在为50名反恐专家举办为期两周的讲习班,纳伊夫阿拉伯安全科学研究院在一份声明中宣布，它将为50名反恐专家举办为期两周的讲习班,麦基一份声明中说布莱恩特无辜预计无罪
2007年9月，约旦与美国签署了一项协议，旨在支持约旦新生的核项目的和平发展,2007年9月，美国与约旦签署了一项协议，旨在支持乔德兰新核项目的和平发展,伊朗议会支持核协议
伊朗位于阿富汗和欧洲以及波斯湾国家之间的一条主要贩毒路线上,伊朗位于阿富汗和欧洲之间以及波斯湾国家之间的一条主要贩毒路线上,美国欧洲国家伊朗核项目制造核武器
2006年7月，约旦首相马哈鲁夫·巴希特表示，拉格·侯赛因及其家人生活在阿卜杜拉二世国王的保护之下,约旦首相巴希特在2006年7月说，拉赫达侯赛因和她的家人生活在国王阿卜杜拉二世的保护下，在伊拉克颁布了“伊拉克独立宣言”后，拉格达德侯赛因和她的家人一直在阿卜杜拉二世的保护下生活,阿卜杜拉·维登斯阿富汗总统大选中领先
一个主要代表南非白人的组织非洲论坛(AfriForum)表示，它将沿前往津巴布韦的道路组织抗议活动,非洲论坛表示，该组织将沿前往津巴布韦的道路组织抗议活动,记者未能接连代表上海合作组织声明置评
伊拉克一直在游说安理会停止使用该国的石油收入来补偿1991年海湾战争的受害者和联合国监测、核查和视察委员会视察员的工资，并将联合国石油换粮食账户中的所有剩余资金转移到政府的发展基金中,伊拉克新领导人一直在游说联合国安理会停止利用伊拉克的石油收入支付核查人员的工资，并将联合国石油换粮食账户中剩余的所有资金转移给伊拉克政府,两人死叙利亚暴力冲突后联合国监测土地
如果美国和其他北约盟国拒绝批准修正后的版本，俄罗斯可能退出该条约,他警告说，如果西方国家拒绝批准修订后的条约，俄罗斯将退出该条约,俄罗斯批准修正后条约
官员们表示，有关该条约的决定将取决于美国。就其在波兰和捷克共和国部署导弹防御系统的计划采取行动,俄罗斯军方官员表示，这一决定将取决于美国是否继续其在波兰和捷克共和国部署导弹防御系统的计划,美国导弹巴基斯坦炸死15人官员
最高法院驳回政府在沃达丰税务案中的复审请,最高法院驳回政府对沃达丰税收裁决的复议请,美国核讹诈驳回
叙利亚称自杀式袭击者在大马士革炸死10,大马士革自杀式爆炸造成10人死,自杀式袭击者阿富汗炸死14人
罗姆尼宣布保罗瑞安为竞选伙,罗姆尼提名瑞安为竞选伙,保罗机会
自杀式炸弹袭击也门精英军,自杀式袭击者袭击也门军事哨,自杀式炸弹袭击尼日利亚教堂
澳大利亚将建立世界上最大的海洋保护,澳大利亚创造了世界上最大的海洋保护,ė保护中国利益保护外国企业利益
阿巴斯将领导巴勒斯坦联合政,阿巴斯被提名为临时联合政府总,不明白领导词
一名持枪歹徒在威斯康星州锡克教寺庙开枪打死6人,威斯康星州锡克神庙枪击案6人死,一名男子加州杀死4人警察开枪打死
中国新闻社：叙利亚和平仍有希,中国官方通讯社：叙利亚和平仍有希,叙利亚政权同意出席和平会议
美国在线称将以10亿美元的价格向微软出售800项专,美国在线将以10亿美元的价格向微软出售800项专,国家债务至少800亿美元1085.2亿美元
海军喷气式飞机撞向公寓,美国海军喷气式飞机撞进公寓,海军喷气式飞机撞公寓楼
6.6级地震冲击印尼巴布亚：美国地质调查,6.6级地震冲击印尼巴布亚：美国地质调查,印尼苏门答腊岛发生6.6级地震后发生海啸无损失
伊朗伊斯兰共和国：地震造成227人死亡，伊朗加大救援力,地震造成227人死亡，伊朗加大救援力,伊朗西北部地震180人死亡1300人受伤
据报道，两人在纽约帝国大厦的枪击案中丧生,2人死于帝国大厦外的枪击事,市政厅帝国大厦枪击案
卡佩罗辞去英格兰队主教练职,卡佩罗辞去英格兰队主教练职,理查德·格拉索RichardGrasso上周辞去董事长职务原因1.4亿美元薪酬方案引发公众愤怒董事会支持
飓风桑迪袭击美国东海,飓风桑迪加速袭击美国东海,飓风桑迪登陆牙买加东南部NHC
“如果以色列发动袭击，伊朗将攻击特拉维夫。,高级神职人员：如果以色列发动袭击，伊朗将攻击特拉维夫,以色列加沙发动新一轮袭击1人死亡
联合国安理会下令对阿富汗哈卡尼网络实施全球制,联合国下令全球制裁哈卡尼网,联合国安理会表决叙利亚
沙特阿拉伯逮捕涉嫌与基地组织有关联的激进分,沙特逮捕激进分子嫌疑人，官方媒体报,涉嫌法国被捕基地组织资助者
飓风桑迪逼近美国东海,飓风桑迪袭击美国东海,飓风桑迪登陆牙买加东南部NHC
四人承认伦敦证券交易所炸弹阴,四人承认伦敦爆炸,美国承认叙利亚反对派
日产将销售线控转向汽,日产将在一些英菲尼迪轿车上提供线控转向系,Ticketmaster购买门票昨天销售
联合国监测员尚未抵达叙利亚“屠杀”现场-视,联合国监测员无法到达叙利亚杀戮现,联合国监测员前往叙利亚大屠杀现场路上枪击
北约谴责叙利亚拒绝土耳其军用飞,北约强烈谴责叙利亚击落土耳其飞,北约谴责乌克兰镇压
前纳粹死亡营警卫Demjanjuk死于91,约翰·德米扬鲁克，被判有罪的纳粹死亡集中营警卫，享年91岁,施罗德取消意大利假期后斯蒂芬妮拒绝诽谤道歉贝卢斯科尼一名德国政治家比作纳粹集中营警卫
美国：马多夫兄弟在纽约承认欺诈,马多夫的兄弟承认诈骗,亚马逊还报道称纽约总检察长办公室已一名欺诈达成民事欺诈指控
克林顿警告肯尼亚选举暴力的代,克林顿警告肯尼亚选举动荡的代,克林顿警告肯尼亚2007年再次出现投票混乱
阿肯色州最高法院否决行刑,阿肯色州法官废除死,大开眼界最高法院亚利桑那州移民法裁决
非洲前总统曼德拉出,曼德拉出,总统哀悼曼德拉逝世
罗姆尼选择瑞安为副总统竞选伙,罗姆尼提名瑞安为副总统竞选伙,密克罗尼西亚副总统访华
纳达尔闯入法网决,纳达尔晋级法国网球公开赛第七场决,拉法·纳达尔缺席澳网
普京宣布俄罗斯总统选举获,普京赢得有争议的俄罗斯总统选,普京俄罗斯总统选举获胜
在墨西哥洞穴发现的167具尸体的遗,在墨西哥洞穴发现的167具遗,伊拉克官员巴格达南部发现50具尸体
阿尔卑斯山大屠杀孤儿女孩返回英,阿尔卑斯山袭击：女孩返回英,北京航空母舰南海返回
飓风桑迪袭击美国东海,飓风桑迪袭击美国东海,飓风桑迪登陆牙买加东南部NHC
阿桑奇向英国最高法院上诉引,阿桑奇向英国最高法院提出引渡上,辩护律师审判上诉法院裁决提出上诉
暴徒为焚烧“古兰经”杀,巴基斯坦黑帮因焚烧“古兰经”而杀,被控焚烧古兰经女童获释
萨尔瓦多·达利的油画被从纽约画廊抓,萨尔瓦多·达利的油画在纽约被抓,抓金属门鸟
萨科齐宣布竞选连,法国总统尼古拉·萨科奇正式竞选连,印度财政部长退出竞选总统
美英达成协议释放紧急石油库,美英同意公布紧急石油库,土耳其紧急起飞飞往叙利亚边境
法国的施特劳斯-卡恩被控参与卖淫团,施特劳斯-卡恩被控卖,多米尼克·斯特劳斯卡恩DominiqueStraussKahn面临法国卖淫团伙质疑
巴克莱受到美国最新调查的打,巴克莱受到美国新一轮调查的打,美国会议委员会USConferenceBoard最新商业信心指数第一季度调查中跌53点后已升至60点
欧盟对叙利亚实施新的制,欧盟对叙利亚政权实施新的制,欧盟阿萨德家族实施制裁
巴林大奖赛在抗议中进,巴林赛马会在动乱中进,巴林愤怒
Sheryl Crow说她有脑良性肿,Sheryl Crow有一个良性脑,说CAPPS II系统永远航空安全
大赦国际：叙利亚反政府武装也在实施虐,大赦国际调查员：叙利亚反政府武装也在实施虐,叙利亚保证反政府武装称和平计划注定失败
东德人权活动家高克当选总,约阿希姆·高克当选德国总,约翰逊再次当选伦敦市长
太空传奇尼尔·阿姆斯特朗去,登月第一人尼尔·阿姆斯特朗逝世，享年82,美国宇航员尼尔·阿姆斯特朗82岁去世
美国和土耳其权衡叙利亚的禁飞,土耳其、美国为叙利亚设立禁飞,土耳其剥削叙利亚难民
埃及让穆巴拉克总理重返总统竞,埃及确认穆巴拉克总理重返总统竞,埃及法院下令释放穆巴拉克
联合国观察员巡逻队抵达叙利亚大屠杀现,联合国观察员抵达叙利亚屠杀,联合国监测员前往叙利亚大屠杀现场路上枪击
里克·桑托勒姆赢得堪萨斯州预选,里克？桑托勒姆在堪萨斯州的预选会上取得了胜利,桑托勒姆轻松晋级明尼苏达州胜利
美国承诺不履行重建海地的承,美国承诺重建不满足的海,范投资欧盟委员会确保承诺履行
美国、欧盟谨慎欢迎伊朗重启核谈,美国、欧盟欢迎伊朗提出重启核谈,世界大国伊朗鲁哈尼领导下重启核谈判
马里总统辞,马里总统正式辞,马里未来临时总统就职
人权观察社：约旦对来自叙利亚的巴勒斯坦人的偏,约旦对来自叙利亚的巴勒斯坦人有偏,叙利亚战斗机飞行员逃往约旦
费德勒赢得第7次温网冠,费德勒拿下第7届温网冠,赢得演唱我能才艺赢得晚装奖
普京宣誓就任俄罗斯总,普京宣誓就任俄罗斯总统6,埃及宣誓就任新临时领导人
南苏丹指责苏丹在会谈前进行爆,苏丹指责苏丹轰炸谈,苏丹指责以色列制造喀土穆枪火
高尔夫：韦斯特伍德在迪拜沙漠经典赛中领,韦斯特伍德在迪拜沙漠的经典之,牛仔沙漠中骑马
查韦斯再次前往古巴接受放射治,查韦斯计划在古巴进行更多的放射治,离开军队前往叙利亚接受宗教训练
马里临时领导人就,马里临时总统宣誓就,埃及宣誓就任新临时领导人
马里伊斯兰主义者摧毁“更多廷巴克图神殿,马里伊斯兰主义者摧毁更多神圣的廷巴克图遗,马里伊斯兰激进分子征募新民兵
昂山素季向英国国会议员致,缅甸昂山素季将于6月访问缅甸议,热烈欢迎昂山素季历史性访问
警长：42年后，一名男子找回了被盗的汽车,美国一名男子在汽车失窃42年后恢复原状,一名男子被盗42年后易趣上发现一辆车
谷歌CEO说Android很重要，不是关,拉里·佩奇说Android很重要，不是关,谷歌推出互联网气球
奥巴马和罗姆尼为第一场辩论做准,奥巴马，罗姆尼准备辩,奥巴马团队提高辩论赌注
詹姆斯·默多克退出BSky,詹姆斯·默多克辞去英国天空广播公司的角,鲁珀特·默多克接受第二天拷问
著名科幻作家雷·布拉德伯里逝世，享年91,科幻传奇雷·布拉德伯里91岁去,纳尔逊·曼德拉逝世享年95岁
联合国观察员发现叙利亚大屠杀的痕,联合国小组调查叙利亚大屠,战争罪联合国发现沙林用于叙利亚化学武器袭击
资料来源：红皮公司用第二号皮卡换来的红人皮,红皮换2号皮,前中央情报局官员资料外泄被判入狱三十个月
中国称2012年国防预算将增长11.2,中国国防支出增长11.2,2012年美国总统选举
美国将巴格拉姆监狱移交给阿富汗当,美国将巴格拉姆监狱移交阿富汗控,阿富汗议会批准美国阿富汗建立伙伴关系
风电场开发人员如何使用相机技巧使涡轮机看起来比实际情况更小,风电场开发商使用“诀窍”使涡轮机看起来更,几年更小权利我会好照顾
米特·罗姆尼赢得马里兰州共和党初,罗姆尼赢得马里兰州共和党初,罗姆尼赢得佛罗里达州共和党初选
以色列禁止德国作家格拉斯为诗造,以色列禁止德国作家格拉斯写,还永久禁止证券业
塔利班在Facebook上伪装成“迷人的女人”从事间谍活,塔利班士兵在脸书上装扮成美女来获取军队的秘,Facebook利润用户群跃升
穆罕默德·穆尔西宣誓就任埃格普提安总,穆尔西宣誓就任埃及总,陆克文宣誓就任澳大利亚新总理
戈尔·维达尔去世，享年86岁：传奇作家、剧作家和政治家去世,著名作家、剧作家戈尔·维达尔逝世，享年86岁,纳尔逊·曼德拉去世现场报道
南非警方枪杀30名矿,南非警方称他们杀害了30多名矿工,警方利兹枪杀一名男子后被捕
奥巴马放宽对年轻移民的递解出境规,美国放宽对年轻人的驱逐规定：Napolitan,奥巴马签署奥巴马医改
一个男人在布雷维克审判中放火自,男人在布雷维克审判外放火自,布雷维克被判21年徒刑
9000名美国海军陆战队员离开冲,9，000名美国海军陆战队将撤离冲绳：声,美军陆战队员基地袭击中丧生
伊拉克袭击杀害将军，四名警,在伊拉克的袭击造成将军和其他4人死亡,巴基斯坦无人机袭击击毙四名疑似激进分子
巴西的“流行歌星牧师”进入了一个巨大的新阶,巴西“流行星祭司”登上猛犸新舞,巴西抗议活动仍
普京宣布俄罗斯总统选举获,普京宣布总统选举获,普京俄罗斯总统选举获胜
罗姆尼宣布保罗瑞安为竞选伙,罗姆尼选择瑞安为共和党竞选伙,保罗机会
爱德华兹对1项罪名宣告无罪，对其他人无效审判,爱德华兹在一项罪名上被判无罪，在另一项罪名上被判无效,政府解除武装举措无效
乌克兰举重运动员被禁赛四,乌克兰科洛布卡被禁赛四,一个男人举重
普京“赢得俄罗斯总统选举,普京赢得俄罗斯总统大,普京俄罗斯总统选举获胜
联合国秘书长发出声音，对中国仍持谨慎态,洞察力：联合国秘书长找到了自己的声音，但对中国仍持谨慎态,联合国秘书长几内亚和平总统选举
旁遮普邮报在罗塔克附近出轨，19人受,旁遮普邮报在哈里亚纳邦罗塔克附近出轨，19人受,土耳其防暴警察塔克西姆广场
乔治·齐默尔曼被控谋杀特雷冯·马,官员称，乔治·齐默尔曼将在特雷冯·马丁案中被起,乔治·齐默尔曼被判谋杀特雷冯·马丁无罪
威胁生命的中西部风,“危及生命”风暴对中西部地区的威,声称珍惜生命
风暴延迟共和党大会的开,暴风骤雨袭击佛罗里达，延迟共和党大,世界大会未来智能手机
迈阿密热火赢得总决,迈阿密热火夺,1983年超级碗迈阿密2717输给华盛顿
日本关闭最后一座核反应,日本本周末关闭了最后一座核电站,一位银行家日本发放大型银团贷款困难日本缺乏专业知识
俄罗斯空军庆祝成立100周,俄罗斯空军成立100周,空军教官面临强奸罪判决
印度尼西亚发生6.1级地,6.1级地震袭击印度尼西亚巴布亚-美国地质调查,印度尼西亚岛外发生6.9级地震
两名美国人在阿富汗动乱开始第五天时丧,阿富汗动乱继续，两名美国军官遇,两名阿富汗士兵受伤
“百万布偶游行”为奥巴马支持美国公共广播公司(PBS)辩,百万布偶三月计划捍卫美国对PBS的支,美国奥巴马就职做
伊朗议会质疑不屑一顾的艾哈迈迪内贾,伊朗议会质疑内贾德总,伊朗议会支持核协议
湖人队1-4先发后主帅迈克-布,湖人1-4先发后解雇迈克·布,不包括律师费其他费用公司预计每股亏损14美分
士兵“回忆不起”大屠,美军士兵“不记得大屠杀,阿富汗阵亡士兵
演员Gazzara去世，享年81,演员本·加扎拉逝世，享年81,纳尔逊·曼德拉去世现场报道
雪崩掩埋了至少100名巴基斯坦士,雪崩掩埋了100多名巴基斯坦士,5名滑雪者科罗拉多雪崩中丧生
农业综合企业：在加州发现的疯牛,美国农业部证实加州疯牛病病,中国农业委员会设立农业技术转让知识产权管理咨询办公室中国知识型农业发展农业技术
阿姆斯特朗离开利夫斯特,阿姆斯特朗从Livestrong站下,两人都关押阿姆斯特朗郡监狱
周五中午，中国股市收盘走高,中国股市周五午盘走,中国股市周五收盘走高
埃及总统选举结果推,埃及选举结果推,埃及总统选举投票
叙利亚部队重新占领阿勒,叙利亚政权试图夺回阿勒颇,叙利亚部队发动阿勒颇袭击
股指期货开盘走,股指期货早盘亏损信,中国股指期货收盘走高12月4日
叙利亚叛军离开被围困的霍姆,叙利亚叛军从被围困的霍姆斯区撤,叙利亚叛军指挥权土耳其转移叙利亚
美国命令非必要工作人员离开苏丹、突尼,美国命令非必要工作人员离开突尼斯、苏,柔佛加冕第五苏丹
埃及对穆巴拉克的批,埃及穆巴拉克危在旦,埃及法院下令释放穆巴拉克
西班牙失业率创新,西班牙申领失业金人数创新,澳大利亚失业率高达5.1%
红十字会称通过谈判停止在叙利亚的战斗以获得援,红十字会就叙利亚停火进行谈判以提供援,叙利亚政府停止袭击
德国议会以压倒性多数支持希腊救援协议,德国议会批准救助希,伊朗议会支持核协议
美国大选：米特·罗姆尼承认失败，巴拉克·奥巴马赢得第二任,罗姆尼在电话中承认奥巴马当,米特·罗姆尼印第安纳州赢得共和党初选
美国政府未正式指定哈卡尼网络为恐怖分,美国指定哈卡尼网络为恐怖分,美国政府停摆实时更新
纽瓦克市长救火邻,纽瓦克市长从着火的房子里救出邻,鲍里斯约翰逊再次当选伦敦市长
刚果叛军杀害公园护林,叛军在刚果东部击毙两名公园护林员,闹翻几年支持一系列敌对刚果民兵组织
上海15人死于液氨泄,上海液氨泄漏造成至少15人死,记者未能接连代表上海合作组织声明置评
叙利亚之友承认反对派联盟是叙利亚人民的合法代,美国、叙利亚之友承认反对派为唯一代,在乎叙利亚人民
波音787梦幻客机起火，库存遭受重,波音787梦幻客机失火后股价暴,波音客机俄罗斯喀山坠毁50人死亡
瑞士游客在印度“轮奸,警方称，瑞士游客在印度被轮奸,印度轮奸受害者奋力拼搏
巴勒斯坦人在约旦河西岸、耶路撒冷与以色列军队发生冲,巴勒斯坦人在W.银行与安全部队发生冲,以色列军队约旦河西岸夜间突袭中逮捕6名巴勒斯坦人
以色列飞机袭击叙利亚境,以色列对叙利亚发动空,联合国以色列袭击叙利亚发出警告
卡尼将在英国央行更替的门槛定得很高,卡尼对英格兰银行的变化设置了很高的门槛,两个女孩空中跳得很高
朝鲜与韩国的家庭团,朝鲜推迟与韩国的家庭团,朝鲜警告韩国演习报复
贝克汉姆宣布退,贝克汉姆退,一个人吹长笛
马特·史密斯四年后离开神秘博,马特·史密斯退出BBC“神秘博士,格里夫·里斯·琼斯梅尔·史密斯生命力量
在国家广场自焚的男子受伤死,在国家广场自焚的人死,一名男子飞往医院国家购物中心放火自焚
前第一夫人芭芭拉·布什离开德克萨斯医,前第一夫人芭芭拉·布什出,乔治·W·布什警告激烈移民辩论
滑雪事故后舒马赫昏,滑雪事故后舒马赫仍在昏迷中挣扎求,一个人正一只狗山上滑雪
11人在中国派出所遇袭身,11人在中国派出所遇袭身,60人尼日利亚牛市遇袭身亡
欧盟各国部长“下定决心”解决骑马丑,欧盟各国部长就马肉丑闻举行危机会,欧盟各国财政部长布鲁塞尔会谈
贾根·雷迪被送往医院，西曼德拉的权力危机仍在继,泰兰加纳：贾根将在星期四住院；塞曼德拉的停电仍在继续,南非曼德拉送往医院
成百上千的孟加拉国服装厂工人生,孟加拉国工厂数百人患,这位女士打碎两个生鸡蛋
泰国抗议者闯入军队总,泰国抗议者袭击军队总,泰国抗议者扰乱预先投票
以色列对叙利亚进行空,以色列对叙利亚发动新的空,一张空火车站黑白照片
五月份房屋开工率上升6.8,五月房屋开工率上升6.8,一个男人吹一支大笛子
古巴卡斯特罗担任拉加共同体主,古巴卡斯特罗接任拉加共同体主,孟加拉国工厂主死亡人数接近350人被捕
齐默曼因超速在得克萨斯州停车，并警告被释放,齐默曼因超速在得克萨斯州停车，并受到警告,齐默曼说被车撞
小行星在地球和卫星之间的拉,小行星飞过地,那人拉小提琴
穆加贝宣布有争议的选举获,津巴布韦：穆加贝在有争议的投票中宣布获,不这有争议
鲁哈尼在伊朗总统选举中领先-初步结,鲁哈尼首次统计伊,世界大国伊朗鲁哈尼领导下重启核谈判
内华达州中学枪击案中2人死亡，2人受,内华达州：2人死亡，2人在中学枪击案中受伤,2人死亡17人受伤
哈马斯对男女混合学校的禁令生,哈马斯在男女混合学校的“禁令,一个男人混合
伊拉克支持埃及镇压穆尔西支持,伊拉克支持埃及镇压穆罕默德·穆尔西的支持,埃及外交部再次敦促停止支持穆尔西抗议活动
Hrithik Roshan，妻子Sussanne分道扬,Hrithik Roshan，Sussanne要离,基地组织阿比扬中抓获70名也门士兵
佛罗里达公寓枪击案后7名死者中有持枪歹,枪击案发生后，7名死者中有一名持枪歹徒。公寓枪,7人死于基督教学校枪击案
令人震惊的是，奥巴马暂停了对叙利亚的打击,奥巴马暂停叙利亚打,民主党打击叙利亚上面临分歧
纳伦德拉·莫迪承诺对巴基斯坦采取强硬立,印度莫迪承诺对巴基斯坦采取强硬立,纳伦德拉·莫迪Narendra Modi拍摄钦奈洪水之旅照片网上疯传
童子军延迟录取同性恋的决,美国童子军推迟投票取消对同性恋的禁,同性恋发育障碍做
小杰西·杰克逊。及妻子承认欺诈,杰西·杰克逊(JesseJackson Jr.)，承认欺诈罪的妻,巴拉克·奥巴马承认美国拥有核武器还要
肯尼迪逝世50周年纪,在肯尼迪逝世50周年之际，达拉斯举行了第一场追悼会,世界哀悼曼德拉逝世
费城大楼倒塌，8-10人可能被,费城的建筑物倒塌；关于被困人员的报,孟加拉国大楼倒塌死亡人数攀升580人
埃及领导人在3个城市实施紧急状,埃及总统宣布三个城市进入紧急状,埃及逮捕穆斯林兄弟会领导人巴迪
涉嫌杀害警察的凶手中枪身,涉嫌杀害警察的人死于枪,凶手逃跑
瑞典驻利比亚班加西领事馆发生汽车炸弹袭击，无人员伤,汽车炸弹击中瑞典驻班加西领事馆，无人受,俄罗斯袭击后撤离驻利比亚大使馆
伊朗希望核谈判能产生“路线图”,在日内瓦举行的伊朗核谈判激起了人们的高度希,伊朗核谈判仍
据报道，朝鲜试射短程导弹,朝鲜发射短程导,朝鲜发射短程导弹
澳门博彩收入2012年创380亿美元纪,澳门博彩业收入创2012年380亿美元纪,1月6月消费集团创造44.7亿美元利润200亿美元收入占花旗集团利润收入53%
四名美国空军直升机机组人员在英国坠机中丧,美国空军直升机机组人员在英国坠机中丧,一架直升机正降落直升机停机坪上
东京将主办2020年奥运,东京赢得2020年奥运会主办,东京股市开盘走低
马来西亚在机场拘留澳大利亚参议,马来西亚将澳大利亚议员扣留在机,马来西亚绑架中国游客
埃及投票通过新宪,埃及人投票表决新宪,埃及新宪法投票
普雷斯顿和英格兰传奇汤姆·芬尼逝世，享年91,前英格兰巨星汤姆·芬尼逝世，享年91,纳尔逊·曼德拉逝世享年95岁
持枪歹徒在巴基斯坦杀害11名外国游,持枪歹徒在巴基斯坦杀害11名外国登山,持枪歹徒巴基斯坦杀害11名外国游客
埃及人投票表决分裂宪,埃及人投票决定修改宪,埃及人投票表决伊斯兰支持宪法
易捷航空董事长辞,英国廉价航空公司易捷航空(EasyJet)董事长辞,瑞安航空公布创纪录利润警告增长放缓
联合国迫切需要大幅增加对叙利亚的援,联合国主要敦促大幅增加对叙利亚的援,联合国叙利亚决议
朝鲜称可能推迟有争议的火箭发射,朝鲜看来将推迟有争议的火箭发射,韩国称朝鲜发射导弹
关键盖茨回忆录震撼奥巴马政,盖茨震撼奥巴马政,埃及宪法关键投票
杰夫·贝佐斯押注2.5亿美元重振“华盛顿邮报,杰夫·贝佐斯为“华盛顿邮报”支付2.5亿美,微软表面未来押注分析师
清剿向朝鲜精英发出令人毛骨悚然的信,清洗金向朝鲜精英发出令人毛骨悚然的信,昨天父母收到通知污染信
泰国的政治抗议使更多的政府部门瘫,泰国抗议者围困更多的政府部,泰国抗议活动暴力事件中升级
亚马逊的贝佐斯将以2.5亿美元收购“华盛顿邮报,亚马逊(Amazon)贝佐斯(Bezos)以2.5亿美元收购“华盛顿邮报”(Washington Post,这项立法改变州收购法布鲁姆菲尔德山陶布曼中心公司TaubmanCentersInc周二一项10亿美元收购赢得委员会批准
独家更新2-埃及亲穆尔西联盟标志着谈判的灵活,独家更新1-埃及亲穆尔西联盟标志着谈判的灵活,埃及军队清除亲穆尔西抗议营地
贝克汉姆赛季末退,大卫·贝克汉姆退出足,一个男人吹一支大笛子
暴风雪使美国东北部陷于停顿,暴风雪横扫美国东北部，封锁道,暴风雪袭击北欧死亡人数6人
埃及内政部长幸免于,埃及内政部长在炸弹袭击中幸免于,军方埃及占上风
埃及“冻结穆斯林兄弟会资产,埃及冻结穆斯林兄弟会基,埃及法庭禁止穆斯林兄弟会
托尼·阿博特宣誓就任澳大利亚新总,托尼·阿博特宣誓就任澳大利亚总,埃及宣誓就任新临时领导人
埃及军队镇压兄弟情,埃及军方打击穆斯林兄弟,埃及军队极力攻击绑架者
轨道故障扰乱滨海湾莱佛士广场之间的列车服,莱佛士广场与滨海湾之间的列车服务中,博科圣地扰乱尼日利亚选举
欧元区失业率创新,欧盟失业创新纪,欧元区失业率创纪录11%
兰斯·阿姆斯特朗向奥普拉坦白一,兰斯·阿姆斯特朗在奥普拉采访中承认使用兴奋,头衔后兰斯·阿姆斯特朗阴谋策略
安迪·穆雷配得上爵士头衔，大卫·卡梅隆,大卫·卡梅隆：安迪·默里值得被封为爵,大卫·米利班德兄弟回到老工党
维尼·琼斯揭示癌症之战新消,维尼？琼斯透露他得了皮肤癌,委内瑞拉乌戈·查韦斯死癌症
叙利亚中部一家面包店遭空袭，数十人死,叙利亚空袭面包店“Dozens被杀,人叙利亚空袭中丧生
奥巴马赞颂曼德拉的灵,奥巴马欢呼曼德拉的灵感效,奥巴马会见祖马曼德拉致敬
联合国称美国无人机侵犯巴基斯坦主,联合国：美国无人机袭击侵犯了巴基斯坦的主,4人死于美国巴基斯坦无人机袭击
这家电子邮件-石油公司询问贸易商有关会见部长的事宜,石油公司询问流氓贸易商与部长会面事,英国石油公司55.5亿美元价格墨西哥湾资产出售普莱恩斯公司
亚洲市场因对美国债务交易的希望而触及3周来的最高水平,亚洲股市触及三周高位，因对美债交易抱有希,世界股市因对欧盟美国经济刺激希望上涨
美国股市在停摆的第三天暴跌,股市在政府关门的第三天下,华尔街股市暴跌
13名儿童死于缅甸清真寺大,缅甸警方说，13名儿童死于清真寺的电力火灾,9名儿童阿富汗袭击中丧生
伊朗驻贝鲁特大使馆附近发生爆,伊朗驻贝鲁特大使馆附近发生两起爆,伊朗驻贝鲁特大使馆发生两起爆炸7人死亡
新奥尔良枪击案19人受,警方：在诺拉母亲节枪击案中19人受,多伦多枪击案两人死亡19人受伤
美国禁止在飞往俄罗斯的航班上携带液体和凝,美国禁止直飞俄罗斯的随身携带液,美国联邦航空局解除美国飞往特拉维夫航班禁令
法官宣判詹姆斯·霍姆斯无,詹姆斯·霍姆斯不认罪-但精神错乱的选择仍在讨论中,明星詹姆斯·加纳致敬
艾伦在信中回应了法罗的虐待指,艾伦针对法罗的虐待指控为自己辩,反堕胎还指反对堕胎
1，000多名囚犯从利比亚的al-Kwei fiya监狱越,1000名囚犯逃离利比亚监,地中海2000多名移民木船上获救
斯诺登的父亲抵达莫斯,爱德华·斯诺登在莫斯科的父,斯诺登厄瓜多尔提供难民文件
中国股市周四收盘走低,中国股市周四收盘走,中国股市周四收盘走低
马尔代夫举行新一轮总统选,马尔代夫举行新一轮总统选,马尔代夫总统警察叛变抗议后辞职
新世界贸易中心宣布为美国最高建筑,一座名为“美国最高建筑”的世界贸易中,朝鲜美国新制裁打击
西班牙火车相撞事故司机面临法官质,西班牙火车司机撞车被法官质,西班牙火车相撞事故中多达50人死亡
菲律宾，叛军达成财富分享协,菲律宾与叛军达成“财富协议,2002年5月初菲律宾马来西亚印度尼西亚签署一项分享恐怖主义情报协定
开创性的以色列电动汽车公司更好的地方折,首屈一指的以色列电动汽车公司即将倒,好奇地方
亲巴基斯坦塔利班军阀在美国无人机袭击中丧,塔利班指挥官在美国无人机袭击中丧,巴基斯坦塔利班头目美国无人机袭击中丧生
叙利亚西北部汽车炸弹炸死20,叙利亚北部汽车炸弹炸死20,叙利亚边境土耳其城镇汽车炸弹炸死20人
五名外国人因在埃及走私毒品被判处死,埃及判处巴基斯坦人5人死刑，罪名是走私毒,埃及判处半岛电视台记者监禁
美国总统罗纳德·里根的前发言人去,前里根发言人拉里·斯皮克斯去世，享年74岁,美国参议员特德·克鲁兹竞选总统
直升机撞进酒馆后恐怕死了三人,三人恐怕在直升机酒吧坠毁后死,三人死美国马拉松炸弹
以色列总理佩雷斯敦促恢复和,以色列总理佩雷斯呼吁恢复和,奥巴马敦促以色列巴勒斯坦克制
奥巴马将于下午1点15分在白宫就叙利亚问题发表讲话。ED,奥巴马将于下午1点15分在白宫就叙利亚问题发表声,比利时国王退位猜测中发表讲话
新强地震袭击破碎的帕克,强烈的新地震袭击震碎的巴基斯坦地区,6.3级地震袭击台湾
热带风暴安德里亚袭击东海,热带风暴安德里亚将滑向东海,热带风暴凯伦袭击美国墨西哥湾沿岸
纽约小姐获美国小姐桂,纽约小姐被封为美国小,报道两人纽约帝国大厦枪击案中丧生
奥地利人在家中博物馆发现藏着56个偷来的头骨,奥地利男子在家中发现56具人头骨后被起,这份报告10月23日发现藏一个调查无关旧三环活页夹
一名男子在国家购物中心放火自,一名男子在华盛顿国家购物中心自,一名男子水管另一名男子喷水
美国国会山遭枪击后被封,现场直播：美国国会大厦在接到枪击报告后被封锁,美国国会记录显示通用汽车召回缓慢
中国法院维持对湄公河谋杀犯的死,法庭维持对湄公河谋杀犯的死刑判,死负责任
以色列部队在西岸拘留5名巴勒斯坦,以色列部队在西岸逮捕5名巴勒斯坦,以色列袭击中拘留巴勒斯坦激进分子
抗议席卷巴西，不顾让,尽管做出让步，巴西各地仍计划举行抗议活,巴西领导人街头抗议危机会谈
奥巴马前往被龙卷风蹂躏的俄克拉何马,奥巴马访问俄克拉何马州遭受龙卷风袭,总统前往巴林
南非偶像纳尔逊·曼德拉住,南非纳尔逊·曼德拉住,纳尔逊·曼德拉纪念仪式
最高法官曼苏尔宣誓就任埃及临时总,阿德利·曼苏尔法官宣誓就任埃及临时总,陆克文宣誓就任澳大利亚新总理
希腊购物中心炸弹爆炸，两人受,雅典购物中心发生炸弹爆炸，2人受,炸弹沙漠中爆炸
三人死亡，包括持枪歹徒，在马里兰州购物中心发生枪击案,马里兰州商场枪击案3人死,新奥尔良母亲节游行枪击案警方搜捕持枪歹徒
埃及法院下令释放穆巴拉,埃及法院下令释放穆巴拉,埃及法院下令释放穆巴拉克
由于卢比崩盘，宝莱坞削减了三分之一的成本,宝莱坞因卢比危机而削减成,吉百利施韦普斯CadburySchweppes计划四年内削减5500工作岗位20%工厂削减收购热潮带来成本
女性将面临更高的汽车保险,女性司机将面临保险费上,禅宗报道高维护不
伊朗，原子能机构在鲁哈尼选举后的首次会谈,国际原子能机构与伊朗举行自鲁哈尼选举以来的首次核谈,伊朗鲁哈尼警告说叙利亚实行统一制度
中国新任总理拒绝美国黑客攻击指,中国总理李克强驳斥美国“毫无根据”的黑客指,中国副总理会见澳大利亚总督
东帝汶在杀戮中禁止武术俱乐,东帝汶在杀戮中禁止武术学,古斯芒东帝汶权力
在巴基斯坦，军队坚决反对其他塔利班分子,巴基斯坦军队坚持与另一个塔利班作,塔利班越狱250名武装分子袭击巴基斯坦监狱后逃跑
以色列部长斯莱姆斯·克里的抵制警,以色列部长抨击克里的抵制警,海军学院发言人罗德·吉本斯中校说令人惊讶
缅甸昂山素季在纷争中敦促政党团,昂山素季在纷争中敦促党派团,缅甸反对派声称昂山素季获胜
白宫，国防承包商讨论自动削减开支的危,白宫，国防公司讨论自动削减开,希腊人抗议进一步削减开支
赞比亚前总统被,赞比亚前总统鲁皮亚·班达被,埃及议会投票前总统选举
美国参议院确认耶伦为美联储下一任主,美国参议院确认珍妮特·耶伦为新的中央银行行,警方确认疑犯抓获
亚洲股市在一连串乐观的数据之后出现反弹,强劲的美国就业数据带动亚洲市场上,亚洲市场中国贸易数据喜忧参半
在印度反强奸抗议活动中受伤的官员死,在轮奸抗议中受伤的印度警察死,抗议活动减少香港官员恢复工作
派系名称比安卡·奥朱克武·阿普加民族领导,比安卡·奥朱克武成为APGA国家领导,两个侵略国闹翻支持敌对派系
美国不能“最终确定”叙利亚的化学武器使用情,美国没有看到叙利亚使用化学武器的确凿证,美国认定叙利亚化学武器
参议院确认耶伦为美联储主,美国参议院确认耶伦为美联储下一任主,警方确认疑犯抓获
两人被发现死于埃塞克斯酒店游泳,一男一女被发现死在埃塞克斯酒店游泳,两人死叙利亚暴力冲突后联合国监测土地
南非为纳尔逊·曼德拉祈,南非团结一致为纳尔逊·曼德拉祈祷和歌,纳尔逊·曼德拉纪念仪式
伊朗总统艾哈迈迪内贾德可能面临与助手一起出席选举的指,艾哈迈迪内贾德可能面临选举出庭指,埃及总统选举
奥巴马取消莫斯科与普京的会,奥巴马取消了与普京的会,莫斯科反普京抗议者人链
奥朗德在事件指控后“威胁采取法律行动,弗朗索瓦·奥朗德威胁对婚外情索赔采取法律行,奥朗德法国总统选举中击败萨科齐
直升机在伦敦火车站附近坠,直升机在伦敦坠,一架直升机正降落直升机停机坪上
日本飞机飞入中国新防卫,日韩军机挑战中国新防卫,日本紧急出动喷气式飞机对抗俄罗斯军机
美国参议院确认珍妮特·耶伦为美联储主,参议院确认珍妮特·耶伦为下一任美联储主,警方确认疑犯抓获
叙利亚军队挺进具有战略意义的反叛城,叙利亚军队对叛军控制的城镇发动进,叙利亚告诉俄罗斯军队撤出霍姆斯
泰国反对派抗议者开始关闭曼,泰国抗议者发动曼谷“关闭,泰国抗议者呼吁大罢工
美俄就叙利亚武器问题达成协议后法国欢呼突,法国欢迎美俄就叙利亚问题达成协,阿盟美俄叙利亚达成协议
安援部队士兵在阿富汗“内部袭击”中丧,英国士兵在阿富汗“内部袭击”中被击,安援部队4名联军士兵涉及阿富汗警察袭击中丧生
瑞士游客在印度被轮,瑞士游客在印度被轮,马来西亚绑架中国游客
小偷抢夺英吉利海峡游泳者定制的轮,小偷偷走海峡游泳者的轮,一个男人游泳
天安门车祸三人死,三人在天安门广场相撞身,三人死美国马拉松炸弹
肯尼亚军队造成商场倒,一位官员说，肯尼亚军队导致购物中心倒塌,·拉登肯尼亚商场袭击事件中持续影响力
芝加哥枪击案显示出加强警力的差,芝加哥枪击案显示出加强警力方面的差,芝加哥少年芝加哥被捕汽车炸弹阴谋
查尔斯王子把普京比作希特,查尔斯王子把弗拉基米尔·普京比作阿道夫·希特,王子洗礼融合新旧
周一收盘时将关注的股,周一将关注的股,周四收盘时关注股票
埃及警方向开罗抗议者发射催泪瓦,开罗警方向抗议者发射催泪瓦,警方抗议者发射催泪瓦斯
著名西班牙弗拉门戈吉他手帕科·德·露西娅去,西班牙弗拉门戈吉他手帕科·德·露西娅逝世，享年66岁,谷歌任命丹尼斯·伍德赛德执掌摩托罗拉
斯诺登在寻求庇护方面遇到障,斯诺登在寻求庇护方面遇到的障,求救寻求庇护恐惧
诺贝尔作家多丽丝·莱辛逝世，享年94,诺贝尔奖得主多丽丝·莱辛逝世，享年94,纳尔逊·曼德拉逝世享年95岁
波士顿爆炸案抓获3名嫌疑,波士顿警方称3人在马拉松爆炸案中被拘,波士顿爆炸案疑犯被控卧床
纽约警察局推特外展事与愿,纽约警察局的Twitter活动适得其,Telstra申请纽约列出中国网站
土耳其搜寻结束，最后一名失踪矿工被发,土耳其搜索结束，最后一名失踪矿工被找,中国失踪飞机搜寻
Olivia Colman获得第二个BAFTA,Baftas 2013：Olivia Colman获得两个奖,Microsoft针对漏洞发布一个修补程序漏洞会影响Windows NT 4.0Windows NT 4.0终端服务版Windows 2000Windows XPWindows Server 2003
Ankeet Chavan准予有条件保释结,Ankeet Chavan准予保释结,3名涉嫌极端分子已获保释
黎巴嫩总理组成“联合内阁”黎巴嫩总理上任10个多月后组建了内阁，在弥合严重分歧后，吸纳了广泛的政治团体,贝鲁特：黎巴嫩总理昨天上任10个多月后组建了内阁，其中包括一系列政治团体，因为他们之间的严重分歧主要是,中国政治顾问会见希腊总理
世界上最长寿的人去世，享年116,世界上最长寿的人去世，享年116,人正确最
希腊极右翼领导人被监禁候,希腊极右翼领导人被监禁候,布雷维克法庭上极右翼敬礼
纳尔逊·曼德拉逝世，享年95,纳尔逊·曼德拉逝世，享年95,詹姆斯·甘多菲尼逝世享年51岁
比利时国王阿尔贝二世为儿子让,比利时国王阿尔贝二世“退位,比利时首相遇难者哀悼
纳粹盖世太保首领“埋葬在犹太人公墓,纳粹首领葬在犹太墓,南非人哀悼曼德拉埋葬
瑞士投票决定最低工,瑞士投票决定世界最低工,参议院投票决定推进Hagel Node法案
陆克文宣誓就任澳大利亚总,陆克文宣誓就任澳大利亚新总,埃及宣誓就任新临时领导人
“轻松骑士”明星凯伦·布莱克去世，享年74,“轻松骑士”女演员凯伦·布莱克死于癌,明星詹姆斯·加纳致敬
红袜队击败老虎队晋级世界大,红袜队5-2虎队晋级世界大,一只老虎走来走去
贝克汉姆赛季末退,大卫·贝克汉姆退出足,一个男人吹一支大笛子
朝鲜的金欢呼处决有权势的叔,朝鲜大叔被解雇背后的,记者欢呼伦敦奥运会开幕
铁娘子撒切尔夫人逝世，享年87,英国前首相撒切尔夫人逝世，享年87,纳尔逊·曼德拉逝世享年95岁
抗议者在基辅推翻列宁雕,乌克兰抗议者在基辅推翻列宁雕,乌克兰抗议者推翻列宁雕像
印中两国军队在对峙中撤退到事实上的边,印度表示，中国同意在对峙协议中退回到事实上的边,事实上荷兰人
沙特将向黎巴嫩军队提供30亿美,沙特阿拉伯向黎巴嫩军队提供30亿美,叙利亚叛军袭击边界黎巴嫩哨所军队
女王将命名有史以来最大的航,女王命名巨型航空母,女王纳尔逊·曼德拉致敬
美国零售商同意孟加拉国工厂安全协,70家零售商同意签署新的孟加拉国工厂安全公,孟加拉国工厂老板被捕
中国向月球发射探测器和漫游,中国首次发射月球,月球岩石地球球体碰撞
巴勒斯坦外交官在布拉格爆炸中死,一名巴勒斯坦外交官在布拉格的爆炸中丧,关键时刻高级外交官慕尼黑会议
警方称，在伦敦东部Sherka Marsh被打死的少女颈部中弹,哈克尼枪击案：少年谢尔卡·马什“颈部中枪流血致死,英国警方称恐怖分子直升机坠毁无关
中国和平方舟星期四启程前往菲律宾,中国派救援队赴,中国维护世界和平力量
近900万人负债累,英国债务定时炸弹：900万英镑陷入“严重债务,以色列提出建造900定居点住房计划
最新消息-波士顿马拉松终点线附近发生两起爆,波士顿马拉松终点线两次爆炸报,波士顿马拉松终点线两次爆炸报道
新冷,新冷战,一个人吹长笛
古巴的“女士们”晚了8年才拿到欧盟,8年后古巴的“女士们”将获得欧盟,女士们表演一支舞
聋子顾客告星巴克，说他们被嘲笑,纽约星巴克顾客起诉聋哑人，说他们被嘲笑,托马斯·库克指控成本放在顾客面前
黑莓第二季度亏损9.65亿美,黑莓第二季度亏损9.65亿美,不包括专利诉讼RIM本季度亏损70万美元合每股亏损1%
美国认为叙利亚可能使用了化学武器,美国认为叙利亚政府使用化学武,美国认定叙利亚化学武器
调查人员调查洛杉矶国际机场枪手的动,调查人员调查洛杉矶机场枪击案动,调查人员寻找惠特尼·休斯顿之死答案
珍妮特·耶伦(Janet Yellen)将成为首位领导美联储(Fed)的女,美国参议院确认珍妮特·耶伦为美联储主,女都下爬
俄罗斯释放绿色和平组织医,俄罗斯法院保释绿色和平组织船舶医,南海和平
美国无人机袭击也门婚宴17人死,美国无人机误杀也门婚礼车队14,也门自杀式爆炸无人机袭击至少30人死亡
失踪韩国航运业大亨尸体在现场被发,世越渡船灾难：韩国航运业大亨尸体被发,西岸发现失踪以色列青少年尸体
美国飞行监视任务帮助寻找被绑架的尼日利亚女,美国侦察机联合追捕被绑架的尼日利亚女,持枪歹徒尼日利亚绑架七名外国工人
Monty Python将为新节目重,巨蟒将在舞台上团,重放三部曲第二部黑客帝国革命11月首演
布拉德利·曼宁-维基解密案转向判,曼宁维基解密案转入量刑阶,维基解密发布200万封叙利亚电子邮件
伊朗，六国签署里程碑式的核协,伊朗，世界大国达成核协,伊朗塔吉克斯坦签署合作协议
西南航空因电脑故障停,西南航空航班延误，因电脑故障而取消,几台电脑显示器房间
美国福音传道者之子自杀，美国广受欢迎的传道者里克·沃伦之子自杀,受欢迎的美国福音传道者沃伦的儿子自杀,不这有听说自杀倾向
世界上最长寿的人在日本去世，享年116,木村次郎：世界上最长寿的人去世，享年116,人正确最
持枪歹徒包围利比亚外交部推进要,持枪歹徒包围利比亚外交部，以推动他们的要求,班加西利比亚外交部遭遇汽车炸弹袭击
乌干达总统签署反同性恋法,乌干达总统签署严厉的反同性恋法,阿富汗总统推迟签署美国协议
布拉德利·曼宁被判无,维基解密士兵布拉德利·曼宁无罪释,无投资障碍
OKs法官强迫加州囚犯进,美国法官批准强迫加州囚犯绝,赞成堕胎人强迫任何人堕胎
委内瑞拉监狱帮派暴力导致16人死,十六人在委内瑞拉监狱被,人死尼格尔家火灾中
谢默斯·希尼，爱尔兰土地与冲突诗人，逝世于74,爱尔兰诗人、诺贝尔文学奖得主谢默斯·希尼逝世，享年74岁,詹姆斯·甘多菲尼逝世享年51岁
孟加拉国伊斯兰教徒联合起来反对无神论者博,孟加拉伊斯兰教徒联合起来要求对无神论者博客采取行动,尼日尔发生自杀式袭击中伊斯兰教徒杀害21人
马航MH17航班在乌克兰东部坠,马航客机在乌俄边境坠,乌克兰东部分裂分子俄罗斯
安东尼·韦纳(Anthony Weiner)在新一轮民调中下滑至第四位,韦纳在纽约市长民意调查中跌至第四位,希腊总理新一轮选举
美国最高外交官克里的妻子被送往医,美国国务卿约翰·克里，科特迪瓦的妻子被紧急送往医,关键时刻高级外交官慕尼黑会议
埃及法院认为穆巴拉克被释,埃及法院下令释放穆巴拉,埃及法院下令释放穆巴拉克
埃及就新宪法进行投,埃及人投票表决新宪,埃及民意调查98%人投票赞成新宪法
澳大利亚领导人在领导人投票中被赶下,澳大利亚总理吉拉德在领导层投票中被赶下,北约领导人致力于阿富汗过渡
针对真主党的轰炸袭击贝鲁特南,贝鲁特以南真主党地区发生爆,真主党袭击聚集叙利亚边境基地组织
MH17飞机失事遇难者遗体飞往荷,MH17死亡者飞回荷,尼日利亚飞机失事无生还者
曼德拉回到医院，ė病情严重但稳,纳尔逊·曼德拉返回医院，ė病情严重但稳定,曼德拉仍医院
伊朗，世界大国开始新一轮核谈,伊朗，世界大国承诺举行新的核谈,伊朗新一轮核谈判
马来西亚航空公司与飞往北京的239航班失去联,飞往北京的马航飞机失,马来西亚航空公司官员失踪航班乘客亲属通报搜寻进展
微软宣布裁员18，000,微软全面裁员1.8万,微软表面未来押注分析师
大火摧毁了中国的西藏古,大火摧毁中国西藏小,十几岁西藏僧侣中国自焚后死亡
雅虎同意以11亿美元现金收购Tumbl,雅虎以11亿美元收购Tumbl,英特尔McAfee3.89亿美元现金购买基于云网络防火墙专家Stonesoft
印度开始在世界上规模最大的选举中投,印度选民拉开世界序幕，这是科特迪瓦最大的一次选举,FacebookIPO规模25%
国际刑事法院冠军奖杯：印度VS南,冠军奖杯：印度VS南非直,曼城赢得英超冠军
最高法院在密歇根州禁酒案中采取平权行,最高法院将审理密歇根州平权行动,罗姆尼赢得选举最高法院可能性
数千人集会支持四面楚歌的突尼斯政府,成千上万的人聚集在一起支持突尼斯的伊斯兰政府,数千人聚集参加新一轮俄罗斯反普京集会
南非曼德拉被送往医,纳尔逊·曼德拉被送往医,南非曼德拉国葬
最新消息-波士顿马拉松终点线附近发生两起爆,波士顿马拉松终点线发生两起爆,波士顿马拉松终点线两次爆炸报道
通用电气公布第三季度利润下降9,通用电气公布第三季度利润下降9,拥有一半店面劳氏公司公布第三季度利润增长33%同店销售额增长12%
俄罗斯在死后审判中判定马格尼茨基律师有,俄罗斯在死后审判中判定马格尼茨基死亡律师有,俄罗斯批准修正后条约
奥巴马将私下会见纳尔逊·曼德拉的家,奥巴马会见曼德拉家,奥巴马会见祖马曼德拉致敬
以色列从黎巴嫩击落无人驾驶飞,以色列从黎巴嫩击落无人,真主党称已以色列上空派遣无人驾驶飞机
克里夫兰·基德纳珀·阿里尔·卡斯特罗在监狱牢房中被绞,克利夫兰绑架者阿里尔卡斯特罗被发现吊在他的牢房,华盛顿特区阿里尔·迪恩Ariel Dean政治学学位说孤立事件
谷歌揭开自动驾驶汽车的面,谷歌揭开无人驾驶汽车的面,一个男人吃力意大利面
美国试图在伊朗问题上安抚警惕的海湾盟,哈格尔试图在与伊朗达成协议后安抚紧张不安的海湾盟友,美国美国盟国伊朗寻求核武器
国际足联世界杯前夕，里约机场工人罢,里约热内卢机场工人在世界杯前夕罢,泰国大选前夕曼谷局势紧张
KL的股价在下午三点左右继续走高,KL的股价在下午三点左右继续上涨,KL股票午盘时混合
亚马逊推出新的流媒体设,亚马逊推出新的Fire TV流媒体视频,这是比尔·盖茨BillGatesComdex主题演讲肯定推出新平板电脑
PCB委任Waqar Younis为主教,瓦卡尔·尤尼斯重返巴基斯坦执,Microsoft针对漏洞发布一个修补程序漏洞会影响Windows NT 4.0Windows NT 4.0终端服务版Windows 2000Windows XPWindows Server 2003
斯诺登认为美国“没有公平审判的机会,斯诺登认为，在美国“没有机会”得到公正的审判,斯诺登厄瓜多尔提供难民文件
女王拜访英国新王,女王会见英国新生的王,唐娜·夏默迪斯科女王
的士司机被控在北卡罗来纳州公平交通意外中被检,北卡罗来纳州博览车司机在意外发生后被,罗德尼·金被判意外死亡
叙利亚政权同意出席和平会,俄罗斯：叙利亚同意参加会,叙利亚反对派原则上同意出席和平会议
克里斯蒂亚诺·罗纳尔多帽子戏法将葡萄牙带入2014年世界杯决,罗纳尔多帽子戏法助葡萄牙晋级世界,默克尔出席世界杯决赛
新强地震袭击破碎的帕克,强烈的新地震袭击震碎的巴基斯坦地区,6.3级地震袭击台湾
叙利亚反对派提议阿萨德在斋月期间在霍姆斯休,叙利亚反对派提议阿萨德部队在斋月期间休,欧盟制裁阿萨德妻子迫击炮击中霍姆斯
韦斯特盖特购物中心袭击者花了四个月时间在内罗毕策,韦斯特盖特袭击者在内罗毕花了四个月的时间策划，一位官员说,巴勒斯坦人和谈几个月时间以色列官员
澳大利亚以海上移送方式将寻求庇护者遣返斯里兰,澳大利亚：澳大利亚将寻求庇护者送回斯里兰,求救寻求庇护恐惧
“欢乐合唱团”明星科里·蒙特斯被发现死在加拿大的酒店房间,“欢乐合唱团”明星科里·蒙特斯被发现死,ė合唱团歌星科里·蒙蒂思发现死酒店房间里
土耳其警察和抗议者之间的冲突仍在继,土耳其警方打击抗议者，清空广,贝尔法斯特警察短暂冲突
MERS呼吸道疾病在美国发现，官员证,北美首例MERS(一种类似SARS的呼吸道疾病)报,MERS患者接触韩国妇女死亡
欧盟宣布真主党军事分支恐怖组,欧盟将真主党军事派别列入恐怖分子名,欧盟诺贝尔和平奖
持枪歹徒在巴基斯坦杀害九名外国,巴基斯坦持枪歹徒杀害9名游,持枪歹徒巴基斯坦杀害11名外国游客
图片显示科斯塔康科迪亚行动已完,科斯塔-康科迪亚手术的时间间,科斯塔康科迪亚幸存者详细体验一年后
伊朗核谈判进入第三,伊朗核谈判进入关键的第三,伊朗核谈判未达成协议
尽管巴西做出让步，抗议者仍聚集在巴西,抗议席卷巴西，不顾让,巴西抗议活动仍
澳大利亚总理陆克文宣布9月7日大,澳大利亚总理陆克文9月9日致电。7次投,澳大利亚总理不印尼发生争执
华盛顿投票将大麻非刑罪,区议会投票决定把大麻非刑事,伊瓜兰说拘留指控犯有杀人罪犯罪勾结罪绑架罪资助恐怖主义罪
玛格丽特·撒切尔死于中,撒切尔夫人逝世，享年87,妇女死于软木屋火灾
伊朗核谈判将延至11,伊朗核谈判延至11月24,伊朗核谈判未达成协议
五人被控恐怖罪,五人被控恐怖罪,菲律宾火山爆发五人死亡
骨碎片“可能是阿尔弗雷德国王,温彻斯特的遗骸可能是阿尔弗雷德大,一个人辣椒切成碎片
以色列释放巴勒斯坦囚,以色列释放26名巴勒斯坦囚,以色列释放巴勒斯坦囚犯
两名法国记者在马里遇,法国确认两名法国记者在马里遇,法国马里地面作战而设
以色列和哈马斯遵守加沙短暂休,以色列和哈马斯“接受暂时停火,中东以色列哈马斯领导人定罪
伊姆兰指责对手谋杀同,巴基斯坦人民谴责对手杀害党,英国首相谴责谋杀青少年
美国批评日本为猎杀海豚辩,日本在遭到美国批评后为捕杀海豚行为辩,埃及反对派批评总统讲话
乌克兰领导人承诺举行危机会,乌克兰领导人承诺举行危机会,现场博客危机中乌克兰
世界大国和伊朗将于12月30日恢复专家核谈,伊朗核专家，世界大国下周复,伊朗世界大国核谈判
以色列在加沙发动地面进,以色列在加沙发动地面进,以色列加沙发动新一轮袭击两人死亡医务人员
北京火灾造成10人死,北京火灾造成十人死,北京航空母舰南海返回
严重雾霾袭击中国北方城市，航班取,浓雾袭击华北城市，航班取,阿萨德袭击城市时爆炸袭击输油管道
埃及对西奈武装分子发动进,埃及对西奈叛乱分子发动进,埃及军队西奈武装分子发动新空袭
创纪录的西南热浪致,至少1人死亡，40人在西南热浪中住,欧元区失业率创纪录11%
底特律符合破产保护条件：美国法,底特律符合破产保护条,美国特种部队地区军事基地训练哥伦比亚士兵保护管道
英国诺贝尔文学奖得主多丽丝·莱辛去,诺贝尔文学奖得主多丽丝·莱辛去,英国驱逐激进教士阿布·卡塔达落选
以色列政府在会谈前批准建立新的定居,以色列在和谈前批准建造新的定居,阿富汗立法者批准新选举法
世界向遭受重创的菲律宾提供紧急救,台风“海燕”：世界向遭受重创的菲律宾发送救援物,奥巴马访问俄克拉何马州遭受龙卷风袭击
阿萨德说，叙利亚将遵守联合国的武器决议,叙利亚阿萨德誓言遵守联合国决,联合国叙利亚化学武器决议
南韩总统对渡轮的回应表示歉,韩国总统对渡轮事故表示“歉意,新手驾驶韩国渡轮
司机带着孩子回到婴儿车里，开走了,司机背对着妈妈，抱着孩子的婴儿车开走了,孩子抹去后多长时间才能回到学校
西班牙公主在历史欺诈案中探,西班牙公主在历史性欺诈调查中作,历史上四月二十三日
参议院确认奥巴马提名进入关键上诉法,参议院批准奥巴马提名进入关键上诉法,奥巴马填补美联储董事会席位提名菲舍尔二号人物
联合国人权事务负责人就穆尔西拘留问题向埃及施,联合国人权事务负责人就穆尔西拘留问题向埃及施,数千名穆尔西支持者聚集埃及
美国参议院确认珍妮特·耶伦为美联储主,参议院确认珍妮特·耶伦为下一任美联储主,警方确认疑犯抓获
乌干达总统签署反同性恋法,乌干达总统签署严厉的反同性恋法,阿富汗总统推迟签署美国协议
岩石，催泪瓦斯飞向泰国抗议活动升,当泰国抗议活动升温时，岩石、催泪瓦斯飞舞,枪声爆炸声震撼泰国大选前一天抗议活动
菲律宾餐厅爆炸六人死,菲律宾餐厅爆炸造成6人死,美国无人机袭击巴基斯坦六人死亡
中国军报抨击美国PRISM计,中国军报抨击美国PRISM计,印度美国下周中国举行会谈
西尔维奥·贝卢斯科尼被驱逐出意大利议,西尔维奥·贝卢斯科尼被驱逐出议,法院下令意大利政治禁令意大利总理贝卢斯科尼
巴林汽车爆炸造成两人死,巴林汽车爆炸造成两人死,两人死叙利亚暴力冲突后联合国监测土地
俄罗斯警告说，如果乌克兰的利益受到攻击，它将作出回应,俄罗斯警告称，如果乌克兰的利益受到攻击，它将作出“回应”,奥巴马总统警告俄罗斯远离乌克兰
胡斯尼穆巴拉克再审延期至6月8,穆巴拉克再审延期至6,伊朗核谈判延期
英国第一个山达基婚礼结,一对夫妇在英国的第一个山达基婚礼上结,美国女子业余公共联谊会上第一个奖杯获得胜利后第一个奖杯
卡塔尔埃米尔将权力交给他的儿,卡塔尔埃米尔将权力交给儿子塔米,古斯芒东帝汶选举权力
埃及准备迎接大屠杀后的“愤怒的星期五,埃及准备好迎接血腥镇压后的愤怒星期,尼日利亚警方大学大屠杀后逮捕
红袜队5-2虎队晋级世界大,红袜队击败老虎队晋级世界大,一只红耳朵白狗雪中奔跑
乌克兰议会罢免总,乌克兰议会投票罢免总,俄罗斯议会普京乌克兰动武
委内瑞拉立法者在选举紧张局势中争,委内瑞拉立法者为选举争,委内瑞拉总统访华
南韩沉船船长被,南韩倾覆渡轮船长被,船长走
叙利亚死亡人数现已超过10,叙利亚迄今死亡人数超过10万,孟加拉国建筑灾难死亡人数超过500人
共产党叛军伏击菲律宾警察，杀死7,共产党叛军杀害8名菲律宾警,菲律宾台风死亡人数恐怕7000人
伊朗核谈判进入第三,伊朗核谈判进入关键的第三,伊朗核谈判未达成协议
德克萨斯州妇女在乘坐过山车时死,得克萨斯游乐园里坐过山车的女人死,德克萨斯州起诉叙利亚难民
诺贝尔作家多丽丝·莱辛逝世，享年94,诺贝尔文学奖得主多丽丝·莱辛去,纳尔逊·曼德拉逝世享年95岁
台风袭击菲律宾中部100多人死,台风袭击菲律宾至少100人死,亚特兰大奥运会袭击一名妇女死亡另有100多人受伤
首家邮局储蓄银行自动柜员机在钦奈开,印度第一家邮局储蓄银行ATM机在钦奈落,戴尔OpenManage软件包括带有SMS戴尔更新软件包单一工具自动管理服务器硬件应用程序操作系统补丁
是什么让印度投票？斋浦尔狂欢节辩,是什么让印度投票？斋浦尔文学节辩,几内亚拖延已久立法投票中投票
白钻破香港拍卖纪,在香港拍卖会上，白钻的成交价创下3400万美元的纪录,香港大型民主集会
哈马斯敦促真主党从叙利亚撤出战斗人,哈马斯呼吁真主党从叙利亚撤,叙利亚告诉俄罗斯军队撤出霍姆斯
PSNI辜负了RUC的警官，法庭告,13：23 PSNI“失败的RUC军官家庭,警官告诉不好
股市继零售收益后小幅走低,继零售商盈利后，股市小幅走低,华尔街收盘小幅走低
警用直升机撞向苏格兰酒,格拉斯哥警用直升机在酒吧顶部坠,一架直升机正降落直升机停机坪上
联合国要求加沙停火，美国向以色列施,美国，联合国在加沙问题上加大对以色列的压,巴勒斯坦被占领土以色列加沙停火谈判恢复时发出警告
澳大利亚总理称“非常自信”的信号来自黑匣,澳大利亚总理自信的声音来自370航,澳大利亚总理不印尼发生争执
菲利普成为比利时国,菲利普登上分裂的比利时的王位,菲利普11天后出院
印度反腐政党在新德里掌,印度反嫁接党在德里组建政,阿尔及利亚政府政党主导选举
西班牙批准新的限制性堕胎,西班牙政府批准严格限制堕,阿富汗立法者批准新选举法
德国驻雅典大使官邸遭枪,德国驻雅典大使官邸遭枪,洪都拉斯大使大使馆狂欢后辞职
朝鲜称将对美国公民进行审,朝鲜称被拘留的美国游客将面临审,韩国称朝鲜发射导弹
集会要求“为Trayvon伸张正义,在美国各地，人们都在为“为Trayvon伸张正义”而集会,‘Trayvon’
叙利亚总理逃脱暗杀企图，叙利亚政权,叙利亚总理在暗杀未遂事件中幸免于,叙利亚政权释放数百名囚犯
默里结束77年对英国队胜利的等,穆雷赢得温网冠军结束了英国77年的痛,挪威纪念77名大屠杀受害者
教皇在百科全书草案中呼吁对气候变化采取行,教皇敦促在百科全书草案中就气候变化问题采取行,方济各祷告教皇
美国司法部长霍尔德辞,美国司法部长霍尔德辞,美国美国盟国伊朗寻求核武器
美欧扩大对俄制,美国、欧盟加强对俄制,一个人吹长笛
美国司法部长霍尔德辞,律政司霍尔德辞,美国美国盟国伊朗寻求核武器
中国对台风卡尔梅吉高度戒,中国发布台风卡尔梅吉黄色预,台风菲托袭击中国东南部
东京股市开盘走高，美国股市上,东京股市开盘走高，美国股市上,东京股市开盘走低
东京股市开盘走高，美国股市上,东京股市开盘走高，此前美国股市表现强劲,东京股市开盘走低
尼日利亚疑似“博科圣地”自杀炸弹手炸死24,尼日利亚疑似“博科哈拉姆”组织袭击造成数十人死,自杀炸弹手炸死23名伊拉克新兵
一位女士抱起一只幼小的袋鼠,一位妇女抱起一只幼小的袋鼠,一位女士拾起一只袋鼠
莱昂内尔·里奇在天花板上跳舞,莱昂内尔·里奇站在天花板上跳舞,格勒内尔美国国务院发言人联合国使命
一男一女正一起走过树林,一男一女手挽着手走过一片树林,一男一女正坐在车里
一个男人在玩键盘,一个人在玩键盘,一个男人玩键盘
一只小猫正在玩一个蓝色的绳子玩具,一只小猫在玩具,两只小狗田野里玩一个红色咀嚼玩具
有人用剑切瓶子,一个人用剑打碎瓶子,一只猫舔一个小瓶子
一个人把一些米饭布丁倒进碗里,那位女士把米饭布丁倒进碗里,一个女人面糊倒进碗里
一只大海龟在走,乌龟在走路,一只猴子床上走
一个男孩在舞台上拉小提琴,一个男孩在舞台上拉小提琴,那人拉小提琴
一列火车在铁轨上行驶,一列火车正在一个农村地区的铁轨上行驶,铁轨上行驶火车
一辆双层红色联合巴士停在城市街道上,一辆双层公共汽车在城市街道上行驶,红色双层巴士街道行驶
一台麦金塔电脑放在地板上,地板上的电脑,一台苹果电脑放在地板上
五个人站在人行道,人行道上有五个人,一个人站瀑布水里
鹿跳过篱笆,一只鹿跳过篱笆,两匹白马盯篱笆
两只狗在草地上玩耍,两只狗在草地上玩耍,两只大黑狗草地上玩耍
一个穿着白色西装的男人拿着一份报纸沿着街道走着,一个穿着白色西装的男人拿着一张报纸走了出去,一个男人穿着白色酒瓶一个女人穿着一件红色高领毛衣穿着一件白色背心
两位女选手在狗展上遛狗,两个女人在狗展上遛狗,这项吸引加州大学伯克利分校信息管理系统学院教授彼得·莱曼Peter Lyman哈尔·瓦里安Hal Varian两位百万字节大师
狗嘴里带着皮带,一只毛茸茸的狗嘴里带着一条黑色的皮带,狗嘴里叼食物奔跑
两只小狗在草地上玩,两条狗在草地上摔跤,两只小狗田野里玩一个红色咀嚼玩具
一个小女孩坐在圣诞老人的腿上,一个小女孩坐在圣诞老人的腿,两个男人坐在沙发上手里啤酒一个女孩躺腿上
一个爬悬崖的人,一个男人爬上了陡峭的悬崖,一个男人爬绳子
一个穿着浴袍的小男孩坐在一把金属椅子上,一个穿着长袍的男孩坐在椅子上,一个小男孩一把吉他
一个人站在一块岩石或一座山的山顶上，看着太阳落山,一个站在山上看日落的人,太阳落山一个人海滩上水里
那个拿着一个黑色钱包的女人正在抽烟,一个拿着黑包的女人正在抽烟,一个男人抽烟
一只狗在雪中奔跑,一只狗在雪中奔跑,一只狗雪中奔跑
一只黑狗和一只白狗在街上玩耍,一只黑狗和一只白狗一起在街上玩耍,两只黑狗白狗外面玩耍
孩子们在游泳池里玩耍，而两个成年人在看着他们,孩子们在游泳池里玩耍，而大人们则在一旁观看,一个孩子跳进游泳池
两只雌鸟从秋千上跳下来,两个女孩从秋千上跳下来,一个小女孩孩子秋千上
一群十几岁的孩子在沙滩上跳来跳去,一群年轻人在海滩上跳起来,十几岁孩子父亲车祸中丧生
孩子们在球场上踢足球,三个男孩在球场上踢足,三个孩子沙滩上踢足球
一个年轻人从岩石上跳到湖里,一个穿着红色泳裤的年轻人从一块大岩石上跳入水中,一个男人坐在岩石上
两只狗正在一个红色消防栓上撒尿,两只狗正在红色消防栓上小便,两只狗草地上玩耍
一只褐色的大狗嘴里叼着一只绿色的东西在奔跑,那只棕褐色的狗嘴里叼着一个绿色的吱吱叫的玩具,一只大耳朵狗嘴里叼一根小棍子
这个问题可能意味着，在航天飞机重新开始飞行之前，需要做出更正确的改变,他说，在航天飞机机队被允许再次飞行之前，这个问题需要得到纠正,不意味着糟糕选择
主权基金股价下跌74美分，至15.68美元，跌幅4.5%,纽约证券交易所主权股票收盘报15.68美元，下跌74美分，跌幅4.5%,甲骨文股价下跌27美分跌幅2%13.09美元
下午7点左右，一位路人在西班牙福克峡谷的一条土路上发现了本，他的手仍然粘在一起，但他的脚自由了,下午7点左右，一名路人在西班牙福克峡谷的一条土路上发现了这名男孩。星期四，他的脚自由了，但他的手还被绑着,一条土路上开车赛马看护
检方辩称，杜斯特策划谋杀是为了确认布莱克的身份,检察官坚持认为德斯特谋杀布莱克是为了冒充布莱克的身份,奥迪收购摩托车制造商杜卡蒂
Sendmail表示，该系统甚至可以设置为允许纯商业使用,根据sendmail的说法，该产品可以被指示只允许商业使用,还安装安全灯警察扫荡设置诱杀装置场地
营运收入为14.5亿元，较去年的13.8亿元增加,营业收入从去年的13.8亿美元增加到14.5亿美元,额外保费收入很高
到2040年，法国退休人员将从人口的五分之一增加到三分之一,到2040年，退休人员将从现在的五分之一增加到三分之一,西班牙裔人口2000年4月人口普查数字增加9.8%社会经济条件1990年代
尽管达成了和平协议，但叛军和政府军都被指控抢劫利比里亚农村的村庄,叛军和政府军，包括那些效忠泰勒的人，都被指控抢劫利比里亚农村的村庄，尽管达成了和平协议,官方消息财政悬崖上达成协议
辩护律师曾表示，需要改变审判地点，因为大量的审前宣传已经玷污了陪审团对其委托人的不利影响,辩护律师要求改变审判地点有两个原因：他们争辩说，大量的审前宣传已经玷污了陪审团对委托人的不利影响,辩护律师审判上诉法院裁决提出上诉
白宫新闻秘书阿里·弗莱舍(Ari Fleischer)昨天表示，布什希望“看到一架飞机以飞行员看到的方式着陆”,周二，在伯德讲话之前，弗莱舍说，布什希望看到一架飞机以飞行员看到的方式着陆,一架飞机空中飞行
篡改药品是如此有利可图，以至于许多被捕者都住在价值百万美元的房子里,调查人员说，破坏药品显然是非常有利可图的，以至于许多嫌疑人都住在价值百万美元的房子里,从没指控篡改棒球
周三，被召到世界各地服役的国民警卫队和预备役队员总数为154 603人,截至昨天，全世界应征服役的国民警卫队和预备役部队的总人数为154 603人,印度国民尼泊尔监狱中外籍囚犯人数最多国家
利伯斯金德说，该计划的其他修改完善了他的最初设想,利伯斯金德说，许多变化都是对原计划的改进,最初LoneFox发布说很
疫情始于去年11月的广东省，但中华人民共和国在过去4个月里一直拒绝如实报告疫情的蔓延情况,中华人民共和国疫情始于11月份的广东省，但中共政府四个月来一直拒绝如实报告疫情的蔓延情况,7月1日起纳税人每周411美元意外减税
德鲁斯将面临谋杀指控，孔蒂说,孔蒂说德鲁斯将被指控谋杀,斯沃茨曾试图撤销指控说新汉普郡指控错误
圣公会的全国教派有230万名成员，是有7700万名成员的圣公会在美国的分支,圣公会有230万成员，是世界各地圣公会的美国分会，有7700万信徒,约旦当选联合国安理会成员
美国国债的长期计划是为所有美国国债的散户买家提供在一个单一账户上管理其所持资产的能力,财政部表示，希望让所有美国国债的散户买家最终能够在一个单一账户中管理在线持有的债券,中国国债期货周二开盘走高
安全专家警告称，一种新的群发邮件蠕虫正在互联网上广泛传播，有时还会冒充这位微软创始人的电子邮件,防病毒供应商周一表示，一种新的蠕虫正在互联网上迅速传播，有时假装是微软董事长比尔·盖茨(BillGates)的电子邮件,朝鲜专家呼吁对话ď称中国发挥作用
数千名第三步兵团，包括驻扎在哥伦布本宁堡的第三旅战斗队，上周开始返回,数千名士兵，大部分来自位于哥伦布本宁堡的师第三旅战斗队，上周开始返回，航班一直持续到周五,这笔交易两家公司董事会批准预计NVIDIA第三财季第三季度
卡斯特罗星期一庆祝86岁生日,菲德尔·卡斯特罗庆祝86岁生,南非人纪念生病曼德拉95岁生日
沙特将允许女性参加奥运,沙特女子获准参加奥运,叙利亚反对派参加会谈
奥运开幕式环游全,开幕式给了奥运会一个震撼的开端,以色列代表团2012年奥运会开幕式上行军
在法国恐怖袭击中被打死的,一名男子在法国“反恐行动”中丧,看一看东非恐怖袭击事件
美军士兵在阿富汗杀害多达16名平,美军士兵在枪击事件中杀害了多达16名阿富汗平民,三名美军士兵阿富汗阵亡
埃及人在里程碑式的总统选举中投,埃及人在历史性选举中投,埃及总统选举投票
通货膨胀降到15个月来的最低点：分析家们说,通货膨胀率降至15个月以来的最低点,截至5月25日三个月中公司每股收益59美分上年同期每股15美分
雅虎!任命谷歌的梅耶尔为首席执行官：报,雅虎任命谷歌高管梅耶尔为首席执行,谷歌任命丹尼斯·伍德赛德执掌摩托罗拉
游骑兵投票进入第三,流浪者队投票进入第三,赤道人立法投票中投票
Rogers，Videotron通过网络共享协议扩展覆盖范,Rogers，Videotron Reach网络共享，频谱交,范委员会关注未来台湾投资期限
埃及镇压招致谴,埃及：埃及镇压激起全球公,北约谴责乌克兰镇压
斯诺登感谢俄罗斯的庇,斯诺登感谢俄罗斯给予庇,斯诺登厄瓜多尔提供难民文件
波士顿爆炸案嫌疑人埋葬在弗吉尼,波士顿爆炸案嫌疑人埋在弗吉尼亚公,波士顿爆炸案嫌疑人起诉宗教动机
Tehelka编辑卷入性攻击诈,Tehelka编辑在被指控有不端行为后辞,村民无意中卷入贩毒活动
联合国谴责南苏丹石油城的种族屠,联合国谴责南苏丹的种族屠杀事,黑人总统领导下种族关系思考
莫斯科地铁火灾数千人撤,莫斯科地铁发生火灾后数千人撤,数千人抗议同性婚姻
有报道称一名6岁的印度女孩在学校被强,6岁的印度女孩在学校被强奸后的愤,女孩一名男子化妆
朝鲜封锁进入联合工业区的通,朝鲜封锁进入关键工业区的通,塞拉利昂埃博拉病毒封锁
摇滚乐队的飞机紧急降落在伊利诺伊州,摇滚乐队的飞机在疾病中紧急着陆,一架飞机正降落跑道上
南韩渡轮船员受,世越渡轮船员面临审,受侵扰柱子
在埃及纪念周年之际，致命的冲,暴力冲突纪念埃及起义周,挪威纪念大屠杀周年
华盛顿锅店为历史性的销售做准,华盛顿锅店为历史性的销售做准,穆斯书华盛顿地区狙击手枪击案发生近一年后周一上市销售
伊朗，六国签署里程碑式的核协,伊朗，六国达成突破性核协,伊朗塔吉克斯坦签署合作协议
新西兰将同性婚姻合法,新西兰投票通过同性婚姻合法,新西兰同性婚姻合法化
洛杉矶机场工作人员被指控制造9/11恐怖袭,洛杉矶机场工作人员指控9/11恐怖袭,勃朗峰雪崩9人死亡11人受伤4人失踪
联合国安理会呼吁加沙人道主义停,联合国安理会呼吁加沙无条件停,约旦当选联合国安理会成员
英国天空新闻摄影师在埃及遇,天空新闻摄影师在埃及遇,新闻引文
巴勒斯坦外交官在布拉格爆炸中受,巴勒斯坦大使在公寓爆炸中受,关键时刻高级外交官慕尼黑会议
阿斯利康41亿美元收购百时美施贵宝糖尿病联,阿斯利康将以高达41亿美元的价格从糖尿病企业收购布里斯托,美光三年首次季度利润
足球裁判被球员打,警察：犹他州足球裁判被球员打死,一个足球运动员正很远地方足球踢进球门
叙利亚反叛组织在北部交,叙利亚反叛组织在北部交,叙利亚北部汽车炸弹至少12人死亡
波士顿爆炸案嫌疑人埋葬在弗吉尼,波士顿爆炸案嫌疑人埋在弗吉尼亚公,波士顿爆炸案嫌疑人起诉宗教动机
埃及抗议者不顾内阁威胁结束静坐示,埃及抗议者无视内阁威,开罗抗议者无视镇压威胁
中国玉兔机器人登,中国登月机器人巡洋,一个男女机器人接吻
朝鲜警告在韩国的外国人，建议撤,朝鲜警告在韩国的外国人撤,朝鲜警告称韩国韩国海军演习计划报复
英国特技演员死于翼装事,英国特技演员死于阿尔卑斯山的翼服事,妇女死于软木屋火灾
纳波利塔诺当选意大利第二任总,意大利总统纳波利塔诺当选连,约翰逊再次当选伦敦市长
联合国法庭判定6名波斯尼亚克族人犯有暴,联合国战争罪法院-六名波斯尼亚克族,6名北约部队阿富汗阵亡
一名携带压力锅的沙特男子在底特律机场被,沙特男子携高压锅旅行被,一名男子射击手枪
Hagel，Dempsey在国防预算问题上面对国,哈格尔哀叹美国国防预算的“政治”变,参议院投票决定推进Hagel Node法案
乌克兰总统称危机谈判达成协,乌克兰竞争对手签署协议结束危,伊朗称联合国核谈判
曼德拉在医院里呆了第三天,曼德拉住院3,曼德拉医院圣诞节
谁是圣战约翰,谁是“圣战约翰”,美国青少年芝加哥圣战汽车炸弹阴谋
尽管起重机倒塌，朝圣仍将继续前进，官员们发,尽管起重机倒塌，朝圣仍要继续前进,托雷斯申奥失败后继续前进
夏威夷将迎来22年来的第一场飓,夏威夷将迎来22年来的第一场飓,戴恩斯AT&T贝尔实验室22年物理学家后1991年来到加州大学圣地亚哥分校
刘易斯汉密尔顿为俄罗斯大奖赛接,刘易斯汉密尔顿赢得首届俄罗斯大奖,俄罗斯官员俄罗斯重新考虑暂停
一旦转换，贝星将拥有约295万股上合组织普通股，占公司流通股的17.5%,这项投资使总部位于加利福尼亚州拉克斯珀市的Baystar公司获得了290万股上合组织普通股，占该公司流通股的17.5%,想买十亿美元XYZ公司普通股在乎
